title;bookNumber;category_id
SGK Công Nghệ 8;Sc;1
SGK Địa lí 8;Sd;2
SGK Giáo dục Công Dân 8;Sgi;2
SGK Hóa 8;Sh;1
SGK Lịch Sử 8;Sl;1
SGK Ngữ Văn (tập 2);Sng;2
Cùng nhau nhập môn tin học (tập 1);C513nh;7
Cùng nhau ta đi lên;C513nh_1;15
Cuộc dời nghệ sĩ Xu Man;C514d;7
Cuộc đời nghệ sĩ Xu Man;C514đ;2
Cuộc phiêu lưu của ong vàng;C514ph;16
Cuộc phiêu lưu của ong vàng;C514ph_1;8
Cuốn sách khổng lồ về các ngôi sao và các hành tinh;C517s;5
Cuốn sách khổng lồ về các ngôi sao và hành tinh;C517s_1;13
Cuốn sách khổng lồ về tên lửa và các thiết bị về vũ trụ;C517s_2;1
Cuốn sách khổng lồ về tên lửa và các thiết bị vũ trụ;C517s_3;2
Đá;D100;6
Đá;Đ100;10
Đại số 9( Trắc nghiệm);D103s;1
Đại thắng mùa xuân 1975 và những đổi thay kì diệu của đất nước;D103th;6
Đại thắng mùa xuân 1975 và những đổi thay kì diệu của đất nước;Đ103th;14
Đại thắng mùa xuân 1975 và những đổi thay kì diệu của đất nước;Đ103th_1;8
Đại thắng mùa xuân 1975 và những đổi thay kì diệu của đất nước;Đ103th_2;3
Đại thắng mùa xuân 1975 và những đổi thay kỳ diệu của đất nước;Đ103th_3;6
Đàm đạo với khổng tử;D104d;15
Đàm đạo với Khổng Tử;Đ104đ;13
Đàm đạo với lão tử;D104d_1;15
Đàm đạo với Lão Tử;Đ104đ_1;1
Đàm đạo với phật bà;D104d_2;11
Đàm Đạo với Phật Đá;Đ104đ_2;14
Đàm đạo với Phật đà;Đ104đ_3;5
Đàm đạo với phật đà;D104d_3;1
Đam mê bí quyết tạo thành công;Đ104m;10
Đam mê bí quyết thành công;D104m;16
Đàn vịt bơi qua sông;D105v;9
Đáng tin cậy;D106t;9
Đáng tin cậy;Đ106t;9
Dành cho những cô gái đang yêu;D107ch;7
Dành cho những cô gái đang yêu;D107ch_1;12
Dành cho những cô gái đang yêu;D107ch_2;10
Danh nhân thế giới;D107nh;14
Danh nhân thế giới;D107nh_1;3
Danh y;D107y;3
Danhy;D;7
Đạo làm người;D108l;3
Đạo làm người;Đ108l;7
Đảo vàng;D108v;7
Dấu chân trong rừng;D125ch;2
Dấu chân trong rừng;D125ch_1;15
Dạy - học văn học nước ngoài trong chương trình THCS - tập 3- dùng cho khối lớp 9;D112-;5
Dạy học tiếng việt THCS;D112h;7
Dạy học văn học nước ngoài 6,7;D112h_1;7
Dạy học văn học nước ngoài 9;D112h_2;4
Dạy- Học văn học nước ngoài Ct THCS (Tập 3) k9;D112h_3;9
Dạy nghề ngắn hạn cho học sinh trường THCS có nguyện vọng học nghề nấu ăn;D112ngh;16
Dạy nghề truyền thống , nghề đan lát;D112ngh_1;5
Dạy tốt học tốt môn GDCD ;D112t;14
Dạy và học từ láy ở trường phổ thông;D112v;1
Dạy và học từ láy ở trường PT;D112v_1;2
Đẻ đất đẻ nước;D200d;1
Đẻ đất đẻ nước;Đ200đ;1
Để học tốt đại số 8;D250h;9
Để học tốt Địa lí 6;Đ250h;1
Để học tốt Địa lí 7;Đ250h_1;11
Để học tốt Địa lí 8;Đ250h_2;10
Để học tốt Địa lí 9;Đ250h_3;4
Để học tốt Hình học 8;D250h_1;16
Để học tốt Hóa học 8;Đ250h_4;16
Để học tốt Hóa học 8;Đ250h_5;9
Để học tốt Hóa học 9;Đ250h_6;1
Để học tốt Lịch sử 6;Đ250h_7;10
Để học tốt Lịch sử 7;Đ250h_8;9
Để học tốt Lịch sử 8;Đ250h_9;2
Để học tốt Lịch sử 9;Đ250h_10;5
Để học tốt Ngữ văn 6;Đ250h_11;7
Để học tốt Ngữ Văn 6, tập 1;Đ250h_12;11
Để học tốt Ngữ Văn 6, tập 2;Đ250h_13;9
Để học tốt Ngữ văn 7;Đ250h_14;4
Để học tốt Ngữ Văn 7, tập 1;Đ250h_15;16
Để học tốt Ngữ Văn 7, tập 2;Đ250h_16;6
Để học tốt Ngữ văn 8;Đ250h_17;9
Để học tốt Ngữ văn 8, tập 1;Đ250h_18;8
Để học tốt Ngữ văn 8, tập 2;Đ250h_19;5
Để học tốt Ngữ văn 9;Đ250h_20;5
Để học tốt Ngữ Văn 9, tập 1;Đ250h_21;8
Để học tốt Ngữ Văn 9, tập 2;Đ250h_22;7
Để học tốt Sinh học 6;Đ250h_23;9
Để học tốt Sinh học 7;Đ250h_24;4
Để học tốt Sinh học 8;Đ250h_25;9
Để học tốt Sinh học 8;Đ250h_26;3
Để học tốt Sinh học 9;Đ250h_27;14
Để học tốt Toán 6 - Tập 1;Đ250h_28;16
Để học tốt Toán 7- Tập 1;Đ250h_29;10
Để học tốt Toán 8- Tập 1;Đ250h_30;8
Để học tốt Toán 9- Tập 1;Đ250h_31;4
Để học tốt toán Đại số 8;D250h_2;7
Để học tốt Toán Đại số 8;Đ250h_32;1
Để học tốt toán Hình học 8;D250h_3;6
Để học tốt Toán Hình học 8;Đ250h_33;3
Để học tốt Vật lí 6;Đ250h_34;1
Để học tốt Vật lí 7;Đ250h_35;3
Để học tốt Vật lí 8;Đ250h_36;4
Để học tốt Vật lí 9;Đ250h_37;5
Đề kiểm tra  Học kì Cấp THCS 9;D250k;14
Đề kiểm tra  Học kì Cấp THCS 9;D250k_1;7
Đề kiểm tra  Học toán 9 theo chuẩn KT-KN;D250k_2;1
Đề kiểm tra  sinh học 9;D250k_3;4
Đề Kiểm Tra chuẩn Kiến Thức Kỹ Năng Ngữ Văn 7;D250k_4;1
Đề Kiểm Tra chuẩn Kiến Thức Kỹ Năng Sinh học 7;D250k_5;6
Đề Kiểm Tra chuẩn Kiến Thức Kỹ Năng vật lý 7 ;Đ250k;13
Đề Kiểm Tra HK Cấp THCS Môn Ngữ Văn- Sử- Địa- GDCD- ÂN-MT lớp 7;D250k_6;6
Đề Kiểm Tra HK Cấp THCS Môn Tiếng Anh- Tiếng Pháp- Nga- Trung Quốc- TD lớp 7;D250k_7;9
Đề kiểm tra học kì :Văn, Sử, Địa,GDCD, Nhạc, Mỹ thuật;D250k_8;12
Đề kiểm tra học kì cấp THCS  lớp 7 môn Ngữ văn, Lịch sử, Đía lí , GDCD, Âm nhạc, Mĩ thuật;Đ250k_1;13
Đề kiểm tra học kì cấp THCS  lớp 8 môn Ngữ văn, Lịch sử, Đía lí , GDCD, Âm nhạc, Mĩ thuật;Đ250k_2;11
Đề kiểm tra học kì cấp THCS lớp 6 môn Toán, vật lí, sinh học, công nghệ;Đ250k_3;13
Đề kiểm tra học kì cấp THCS lớp 8 môn Toán, Vật lí, Hóa học, Sinh học, Công nghệ;Đ250k_4;15
Đề kiểm tra học kì cấp THCS môn Ngữ văn - Lịch sử - Địa lí - GDCD - Âm nhạc - Mĩ thuật lớp 6;Đ250k_5;11
Đề kiểm tra học kì cấp THCS môn Ngữ văn. Lịch sử, Địa lí, GDCD, Âm nhạc, Mĩ Thuật  9;Đ250k_6;6
Đề kiểm tra học kì cấp THCS môn Tiếng Anh - Tiếng Pháp - Tiếng Nga-Tiếng Trung Quốc - Thể dục lớp 6;Đ250k_7;10
Đề kiểm tra học kì cấp THCS môn Tiếng Anh, Pháp, Nga, Trung quốc, TD;D250k_9;6
Đề kiểm tra học kì cấp THCS môn Tiếng anh, tiếng Pháp, tiếng Nga, tiếng Trung Quốc, Thể dục 8;Đ250k_8;11
Đề kiểm tra học kì cấp THCS môn Tiếng anh, tiếng Pháp, tiếng Nga, tiếng Trung Quốc, Thể dục 9;Đ250k_9;8
Đề kiểm tra học kì cấp THCS môn Toán, Lí, Hóa, Sinh, Công nghệ;D250k_10;12
Đề kiểm tra học kì cấp THCS môn Văn, Sử, Địa, GDCD, Nhạc, MT;D250k_11;6
Đề kiểm tra học kì cấp trung học cơ sở lớp 7 môn Tiếng Anh, tiếng Pháp, Tiếng Nga, tiếng trung Quốc, thể dục;Đ250k_10;12
Đề kiểm tra học kì cấp trung học cơ sở môn toán,lí ,hóa học,sinh học,công nghệ lớp 9;Đ250k_11;7
Đề kiểm tra học kì Tiếng Anh,Pháp,Nga,Trung Quốc,Thể dục;D250k_12;8
Đề kiểm tra học kì Toán, Lí, Sinh,Công nghệ 6;D250k_13;3
Đề kiểm tra học kì Toán, Lý, Sinh, Công nghệ 7;D250k_14;3
Đề kiểm tra học kì toán,lí,sinh,công nghệ 6;D250k_15;6
Đề kiểm tra học kỳ cấp THCS 8;D250k_16;11
Đề kiểm tra sinh học 9;D250k_17;12
Đề kiểm tra Sinh học 9;Đ250k_12;9
Đề kiểm tra theo chuẩn kiến thức kĩ năng 6 môn Ngữ văn;D250k_18;5
Đề kiểm tra theo chuẩn kiến thức kĩ năng Địa lí 8;D250k_19;12
Đề kiểm tra theo chuẩn kiến thức kĩ năng GDCD 6;D250k_20;9
Đề kiểm tra theo chuẩn kiến thức kĩ năng GDCD 8;D250k_21;12
Đề kiểm tra theo chuẩn kiến thức kĩ năng Lịch sử 8;D250k_22;8
Đề kiểm tra theo chuẩn kiến thức kĩ năng Ngữ văn 8;D250k_23;10
Đề kiểm tra theo chuẩn kiến thức kĩ năng sinh 6;D250k_24;5
Đề kiểm tra theo chuẩn kiến thức kĩ năng Sinh 8;D250k_25;16
Đề kiểm tra theo chuẩn kiến thức kĩ năng Sử 6;D250k_26;9
Đề kiểm tra theo chuẩn kiến thức kỉ năng sử 6;D250k_27;13
Đề kiểm tra theo chuẩn kiến thức kĩ năng tiếng Anh 6;D250k_28;7
Đề kiểm tra theo chuẩn kiến thức kĩ năng Tiếng Anh 8;D250k_29;11
Đề kiểm tra theo chuẩn kiến thức kĩ năng Tin học ( Q3);D250k_30;16
Đề kiểm tra theo chuẩn kiến thức kĩ năng Toán 8;D250k_31;16
Đề kiểm tra theo chuẩn kiến thức kĩ năng Toán 9;D250k_32;10
Đề kiểm tra theo chuẩn kiến thức kĩ năng vật lí 6;D250k_33;14
Đề Kiểm Tra Theo chuẩn kiến thức kỹ năng Toán 7;D250k_34;8
Đề kiểm tra theo chuẩn kiến thức kỹ năng vật lí 8 ;D250k_35;7
Đề Kiểm Tra theo chuẩn kiến thức kỹ năng Vật Lý 7;D250k_36;6
Đề kiểm tra theo chuẩn kiến thức Tiếng Anh kĩ năng 6;D250k_37;4
Đề kiểm tra theo chuẩn kiến thức Toán 6 ;D250k_38;6
Đề kiểm tra theo chuẩn kiến thức, kĩ năng  Hóa học 9;Đ250k_13;3
Đề kiểm tra theo chuẩn kiến thức, kĩ năng  Ngữ văn  6;Đ250k_14;3
Đề kiểm tra theo chuẩn kiến thức, kĩ năng  Ngữ văn  9;Đ250k_15;14
Đề kiểm tra theo chuẩn kiến thức, kĩ năng  Sinh học  9;Đ250k_16;16
Đề kiểm tra theo chuẩn kiến thức, kĩ năng Địa lí 8;Đ250k_17;13
Đề kiểm tra theo chuẩn kiến thức, kĩ năng Địa lí 9;Đ250k_18;16
Đề kiểm tra theo chuẩn kiến thức, kĩ năng GDCD 6;Đ250k_19;14
Đề kiểm tra theo chuẩn kiến thức, kĩ năng GDCD 8;Đ250k_20;7
Đề kiểm tra theo chuẩn kiến thức, kĩ năng GDCD 9;Đ250k_21;7
Đề kiểm tra theo chuẩn kiến thức, kĩ năng hóa học 8;Đ250k_22;3
Đề kiểm tra theo chuẩn kiến thức, kĩ năng Lịch sử 6;Đ250k_23;7
Đề kiểm tra theo chuẩn kiến thức, kĩ năng Lịch sử 8;Đ250k_24;16
Đề kiểm tra theo chuẩn kiến thức, kĩ năng Lịch sử 9;Đ250k_25;15
Đề kiểm tra theo chuẩn kiến thức, kĩ năng Ngữ văn 6;Đ250k_26;14
Đề kiểm tra theo chuẩn kiến thức, kĩ năng Ngữ Văn 7;Đ250k_27;5
Đề kiểm tra theo chuẩn kiến thức, kĩ năng Sinh học 6;Đ250k_28;15
Đề kiểm tra theo chuẩn kiến thức, kĩ năng Sinh học 7;Đ250k_29;14
Đề kiểm tra theo chuẩn kiến thức, kĩ năng sinh học 8;Đ250k_30;9
Đề kiểm tra theo chuẩn kiến thức, kĩ năng tiếng Anh 6;Đ250k_31;8
Đề kiểm tra theo chuẩn kiến thức, kĩ năng Tiếng anh 8;Đ250k_32;1
Đề kiểm tra theo chuẩn kiến thức, kĩ năng Tin học dành cho THCS quyển 2;Đ250k_33;1
Đề kiểm tra theo chuẩn kiến thức, kĩ năng Tin học dành cho THCS quyển 3;Đ250k_34;14
Đề kiểm tra theo chuẩn kiến thức, kĩ năng Tin học dành cho THCS quyển 4;Đ250k_35;10
Đề kiểm tra theo chuẩn kiến thức, kĩ năng Toán 6;Đ250k_36;5
Đề kiểm tra theo chuẩn kiến thức, kĩ năng Toán 7;Đ250k_37;10
Đề kiểm tra theo chuẩn kiến thức, kĩ năng Toán 8;Đ250k_38;3
Đề kiểm tra theo chuẩn kiến thức, kĩ năng toán 9;Đ250k_39;4
Đề kiểm tra theo chuẩn kiến thức, kĩ năng Vật lí 6;Đ250k_40;14
Đề kiểm tra theo chuẩn kiến thức, kĩ năng Vật lí 7;Đ250k_41;14
Đề kiểm tra theo chuẩn kiến thức, kĩ năng Vật lí 8;Đ250k_42;4
Đề kiểm tra theo chuẩn kiến thức, kĩ năng Vật lí 9;Đ250k_43;6
Đề kiểm tra theo chuẩn KT-KN GDCD 9;D250k_39;11
Đề kiểm tra theo chuẩn KT-KN GDCD 9;D250k_40;12
Đề kiểm tra theo chuẩn KT-KN Hóa Học 9;D250k_41;12
Đề kiểm tra theo chuẩn KT-KN Lịch sử 9 ;D250k_42;1
Đề kiểm tra theo chuẩn KT-KN ngữ văn 9;D250k_43;4
Đề kiểm tra theo chuẩn KT-KN Sinh 9;D250k_44;15
Đề kiểm tra theo chuẩn KT-KN Tin Học 9 quyển 4;D250k_45;15
Đề kiểm tra theo chuẩn KT-KN Tin học quyển 2 THCS;D250k_46;12
Đề kiểm tra theo chuẩn KT-KN Toán 9;D250k_47;1
Đề kiểm tra theo chuẩn KT-KN Vật lí 9 ;D250k_48;12
Đề kiểm tra theo CKT, Kĩ năng;D250k_49;12
Đề kiểm tra theo CKT, Kĩ năng Toán 6 ( Tập 1);D250k_50;13
Đề kiểm tra theo CKT, Kĩ năng Toán 6 ( Tập 2);D250k_51;7
Đề kiểm tra theo CKTKN Hóa 8;D250k_52;16
Đề Kiểm tra theo CKTKN Tiếng Anh 7;D250k_53;11
Đề kiểm tra theo kiến thức kĩ năng Ngữ văn 8;Đ250k_44;2
Đề kiểm tra Vật Lý 7;D250k_54;2
Đề KT theo chuẩn KTKN GDCD 7;D250k_55;4
Đề KT theo chuẩn KTKN Vật lý 6;D250k_56;16
Để làm tốt bài bài văn nghị luận xã hội;Đ250l;14
Để làm tốt bài văn nghị luận xã hội;D250l;15
Để thỏa lòng bạn muốn;D250th;6
Để thỏa lòng bạn muốn;Đ250th;2
Đến với những bài thơ của chủ tịch Hồ Chí Minh;D254v;9
DH học và làm bài tập ngữ văn 6;Dh;6
Đi tìm lẽ sống ;D300t;13
Đi tìm lẽ sống;Đ300t;3
Địa 6;D3016;6
Địa lí 6;D301l;11
Địa lí 6, sách giáo viên;Đ301l;15
Địa lí 7;D301l_1;1
Địa lí 7, sách giáo viên;Đ301l_1;5
Địa lí 8;Đ301l_2;7
Địa lí 8;D301l_2;6
Địa lí 8 - SGV;Đ301l_3;1
Địa lí 8, sách giáo viên;Đ301l_4;5
Địa lí 9;D301l_3;4
Địa Lí 9;Đ301l_5;6
Địa lí 9 (bài tập);D301l_4;14
Địa lí 9 (Chương trình địa phương tỉnh Hưng Yên);Đ301l_6;6
Địa lí 9 (SGV);D301l_5;14
Địa lí 9 (Tài liệu giáo dục địa phương Hải Phòng);Đ301l_7;3
Địa lí 9 (Tài liệu giáo dục địa phương tỉnh Lào Cai);Đ301l_8;2
Địa lí 9 (Tài liệu giáo dục địa phương tỉnh Ninh Bình);Đ301l_9;6
Địa lí 9 (Tài liệu giáo dục địa phương tỉnh Phú Thọ);Đ301l_10;4
Địa lí 9 (Tài liệu giáo dục địa phương tỉnh Tuyên Quang);Đ301l_11;15
Địa lí 9 -SGV;Đ301l_12;10
Địa lí 9, sách giáo viên;Đ301l_13;3
Địa lí các tỉnh và thành phố Việt Nam;Đ301l_14;12
Địa lí các tỉnh và thành phố Việt Nam;D301l_6;1
Địa lí các tỉnh và thành phố Việt Nam - tập 3;Đ301l_15;1
Địa lí địa phương Sóc Trăng (Tài liệu dạy – học tại các trường THCS và THPT thuộc tỉnh Sóc Trăng);Đ301l_16;3
Địa lí địa phương tỉnh Quảng Ninh (Sách dùng trong trường THCS và THPT);Đ301l_17;10
Địa lí địa phương Trà Vinh;D301l_7;7
Địa lí địa phương Trà Vinh;Đ301l_18;12
Địa lí địa phương Trà Vinh;D301l_8;10
Địa lí trong trường học;D301l_9;7
Địa lí trong trường học - tập 1;Đ301l_19;14
Địa lí trong trường học - tập 2;Đ301l_20;8
Địa lí Trong Trường học tập 2;D301l_10;5
Địa lý 7;D301l_11;7
Địa lý 8;D301l_12;9
Địa lý 9;D301l_13;12
Địa lý các tỉnh và thành phố Việt Nam ( tập 3);D301l_14;6
Địa lý trong trường học;D301l_15;8
Đĩa minh hoạ thơ theo chủ đề (Chủ đề Gia đình, Chủ đề Nghề nghiệp) - (Trẻ 5 -6 tuổi) - Đĩa 2;Đ301m;5
Điều diệu kỳ của cuộc sống;D309d;16
Điều em cần biết khi tham gia giao thông;D309e;15
Điều em cần biết khi tham gia giao thông (Dùng cho HSTHCS);Đ309e;6
Điều kì diệu của cuộc sống;Đ309k;1
Điều kỳ diện của cuộc sống;Đ309k_1;14
Điều lệ trường trung học năm 2007 và chế độ chính sách, quy định mới nhất về trường trung học;Đ309l;4
Điều ý nghĩa nhất trong từng khoảnh khắc cuộc đời;D309y;3
Điều ý nghĩa nhất trong từng khoảnh khắc cuộc đời;Đ309y;3
Digimath 4;D4;8
Digimath 6;D6;16
Digimath 7;D7;5
Digimath 8;D8;16
Digiscience 2;D2;2
Digiscience 4;D4_1;7
Digiscience 6;D6_1;10
Digiscience 7;D7_1;3
Digiscience 8;D8_1;5
Định hướng nghề nghiệp 9 (CTST) - Định hướng nghề nghiệp - SGV;Đ312h;12
Đoàn Thị Điểm - Nguyễn Gia Thiều;Đ406th;10
Đoàn Thị Điểm- Ngô Gia Thiều;D406th;2
Đoàn Thị Điểm,Nguyễn Gia Thiều;D406th_1;14
Đọc - hiểu 34 tác phẩm văn học Ngữ văn 6;Đ419-;16
Đọc - hiểu tác phẩm văn chương trong nhà trường;Đ419-_1;6
Đọc hiểu 28 tác phẩm văn học Ngữ văn 8;Đ419h;9
Đọc Hiểu 31 Tác Phẩm Văn học 7;D419h;3
Đọc hiểu 31 tác phẩm văn học Ngữ văn 7;Đ419h_1;7
Đọc hiểu 34 tác phẩm Văn học 6;D419h_1;15
Đọc hiểu 40 tác phẩm văn học Ngữ văn 9;Đ419h_2;3
Đọc hiểu tác phẩm văn chương trong nhà trường;D419h_2;13
Đọc hiểu tác phẩm văn chương trong nhà trường;D419h_3;8
Đọc hiểu tác phẩm văn học ngữ văn 9;D419h_4;11
Đọc-Hiểu tác phẩm văn học Ngữ văn 8;Dt;14
Đôi bạn bên sông bồ;D452b;15
Đôi bạn bên sông Bồ - Tuổi trẻ cách mạng của đại tướng Nguyễn Chí Thanh và nhà thơ Tố Hữu;Đ452b;1
Đôi bàn tay khéo léo của cha  ông;Đ452b_1;16
Đôi bàn tay khéo léo của cha ông;D452b_1;3
Đôi cánh thiên thần;Đ452c;13
Đội em mang tên người anh hùng;D452e;11
Đổi mới công tác chỉ đạo chuyên môn trong trường THCS vùng khó khăn nhất;Đ452m;2
Đổi mới công tác chỉ đạo chuyên môn trong trường THCS vùng khó khăn nhất;D452m;16
Đổi mới công tác đánh giá (về kết quả học tập của học sinh trường THCS);Đ452m_1;11
Đổi mới công tác đánh giá kết quả học tập;D452m_1;3
Đổi mới công tác đánh giá về kết quả học tập của học sinh trường THCS ;D452m_2;12
Đổi mới công tác đánh giá về kết quả học tập của HS THCS;D452m_3;5
Đổi mới sinh hoạt chuyên môn qua nghiên cứu bài học;D452m_4;14
Đôỉ mới sinh hoạt chuyên môn qua nghiên cứu bài học trong trường THCS vùng khó khăn nhất;Đ452m_2;8
Đồng Bằng Sông Cửu Long đón chào thế kỉ 21;D455b;8
Đồng bằng sông cửu long đón chào thế kỉ 21;Đ455b;7
Động vật và những điều lí thú;D455v;12
Động vật và những điều lý thú;Đ455v;7
Đông y điều trị bệnh tâm thần;D455y;8
Đông y điều trị bệnh tâm thần - thần kinh;Đ455y;12
Đông y điều trị bệnh tâm thần,thần kinh;D455y_1;8
Du hành vào vũ trụ;D500h;3
Du hành vào vũ trụ - Hệ mặt trời và các vì sao;D500h_1;4
Đuốc lá dừa;D514l;15
Đuốc lá dừa;Đ514l;8
Dưới gốc đa thần;D558g;8
Dưới gốc đa thần;D558g_1;12
Dưới tán lá rừng;D558t;5
Dưới tán lá rừng;D558t_1;4
Đường cách mệnh;D561c;2
Đường cách mệnh;D561c_1;10
Đường cách mệnh;Đ561c;1
Đường đời;D561d;8
Đường đời;Đ561đ;12
Đường thẳng và đường tròn trong mặt phẳng;Đ561th;5
Đường thẳng và tròn trong mặt phẳng;D561th;13
Đường về bản;Đ561v;4
Đường về bản;D561v;1
Dzomx-mê cung kì bí;Dc;5
Elon Musk;m;16
Elon Musk Teslsa…….;m_1;13
Em học nhạc trên máy vi tính (phần thực hành - tập 4;E202h;6
Em học nhạc trên máy vi tính (Phần thực hành- tập 4);E202h_1;16
Em sử dụng máy vi tính (Phần thực hành tập 2);E202s;9
Em tập lập trình;E202t;6
Em tập lập trình - Tập 1;E202t_1;3
Em tập lập trình (tập 2);E202t_2;8
Em tập lập trình tập 1-2;E202t_3;3
Em tập lập trình( tập 1);E202t_4;6
Em tập sử dụng máy vi tính (thực hành t2);E202t_5;14
Em tập xử lí văn bản;E202t_6;10
Em tập xử lý văn bản - Phần thực hành tập 6;E202t_7;4
Em yêu khoa học-Chú cá vàng và chuyến du hành đến mặt trăng;E202y;14
Em yêu tổ quốc Việt Nam;E202y_1;5
Em yêu Tổ quốc Việt Nam;E202y_2;3
English workbook 1 lớp 8;w;2
English workbook 2 lớp 8;w_1;1
English workbook 8 - tập 1;w_2;10
English workbook 8 - tập 2;w_3;3
English Workbook 8 tập 2;w_4;13
English Workbook 8 tập 2;w_5;12
Fantômas ở nước Nga Sa Hoàng;o;11
Galileo Galilei;Gg;8
GalileoGalilei;G;10
Gặp Bác;G117b;6
Gặp Bác;G117b_1;2
Gấu nâu trốn ngủ;G125n;15
Gấu nâu trốn ngủ;G125n_1;14
GD hướng nghiệp 9;Gh;2
Gd KN sống trong Môn Địa lí Ở THCS ( Dành Cho GV);Gk;8
GD KN sống trong Môn GDCD THCS;Gk_1;10
GD Thể Chất 6 (CTST);Gth;10
GD thể chất 6 (CTST);Gth_1;4
GD thể chất 7 (Chân trời sáng tạo);Gth_2;3
GD thể chất 8 (KNTT);Gth_3;10
GDCD  6 ( cánh diều);G6;13
GDCD 6;G6_1;13
GDCD 6 ( Cánh diều);G6_2;10
GDCD 7;G7;16
GDCD 8;G8;6
GDCD 8;G8_1;15
GDCD 9;G9;16
GDCD 9( SGV);G9_1;11
GDHN 9 (sgv);G9_2;9
Get it up 4;G207i;5
Ghềnh và sóng;GH256v;8
Ghềnh và sóng;GH256v_1;7
Gia công cắt gọt kim loại;GI100c;15
Gia công cắt gọt kim loại;GI100c_1;12
Giấc mơ của dòng sông;GI119m;6
Giấc mơ của dòng sông;GI119m_1;6
Giải  cứu động vật;GI103c;15
Giải bài tập Toán 6;GI103b;11
Giải bài tập Vật lí 8;GI103b_1;10
Giải bài tập Vật lí 9;GI103b_2;15
Giải bài tập Vật lí 9;GI103b_3;1
Giải BT Vật lý 8;GI103b_4;8
Giải BT vật lý 9;GI103b_5;16
Giải cứu động vật;GI103c_1;13
Giải đáp tình huống  pháp luật dành cho Hiệu trưởng;GI103d;8
Giải đáp tình huống pháp luật dành cho hiệu trưởng;GI103đ;10
Giải mã bí ẩn;GI103m;4
Giải mã bí ẩn (tập 3);GI103m_1;5
Giải nai cho con gái;GI103n;10
Giải Nai cho con gái;GI103n_1;15
Giải ngố cho con trai;GI103ng;2
Giải ngố cho con trai;GI103ng_1;3
Giải oan cho bạn Sói hoang (Con Sói rơi từ trang sách) - Tập 2;GI103o;6
Giải oan cho bạn Sói hoang (Khi kể về loài Sói) - Tập 1;GI103o_1;15
Giải oan cho bạn Sói hoang (Trốn timfcungf sói) - Tập 3;GI103o_2;15
Giải Toán vui vui giải toán;GI103t;5
Giải toán vui, vui giải toán;GI103t_1;12
Giảng Văn Truyện Kiều;GI106v;14
Giảng văn Truyện Kiều;GI106v_1;8
Giáo dục an toàn giao thông lớp 7;GI108d;11
Giáo dục an toàn giao thông lớp 8;GI108d_1;3
Giáo dục an toàn giao thông lớp 9;GI108d_2;7
GIáo dục công dân  6 ( Chân trời sáng tạo );GI108d_3;4
GIáo dục công dân  7 ( Chân trời sáng tạo );GI108d_4;1
Giáo dục Công dân 6;GI108d_5;8
Giáo dục công dân 6 - SGV;GI108d_6;10
Giáo dục công dân 6 - SGV;GI108d_7;2
Giáo dục công dân 6 (Cánh diều);GI108d_8;11
Giáo dục công dân 6 (Chân trời sáng tạo);GI108d_9;2
Giáo dục công dân 6 (CTST);GI108d_10;16
Giáo dục công dân 6 (CTST);GI108d_11;10
Giáo dục công dân 6 -7 (Tài liệu giáo dục địa phương Hải Phòng);GI108d_12;2
Giáo dục công dân 6- 7 (Tài liệu giáo dục địa phương Lào Cai);GI108d_13;12
Giáo dục công dân 6- 7 (Tài liệu giáo dục địa phương Ninh Bình);GI108d_14;12
Giáo dục công dân 6 -7 (Tài liệu giáo dục địa phương Phú Thọ);GI108d_15;3
Giáo dục công dân 6, sách giáo viên;GI108d_16;9
Giáo dục Công Dân 7;GI108d_17;14
Giáo dục công dân 7  (Kết nối tri thức với cuộc sống);GI108d_18;7
Giáo dục công dân 7 - SGV (Chân trời sáng tạo);GI108d_19;12
Giáo dục công dân 7 (Cánh diều);GI108d_20;8
Giáo dục công dân 7 (Chân trời sáng tạo );GI108d_21;1
Giáo dục công dân 7 (Chân trời sáng tạo);GI108d_22;11
Giáo dục công dân 7 (CTST);GI108d_23;16
Giáo dục công dân 7 (CTST);GI108d_24;2
Giáo dục công dân 7, sách giáo viên;GI108d_25;10
Giáo Dục Công Dân 8;GI108d_26;12
Giáo dục công dân 8 - 9 (Tài liệu giáo dục địa phương Hải Phòng);GI108d_27;9
Giáo dục công dân 8 - SGV;GI108d_28;6
Giáo dục công dân 8 (Chân trời sáng tạo);GI108d_29;8
Giáo dục công dân 8 (CTST);GI108d_30;5
Giáo dục công dân 8 (CTST);GI108d_31;2
Giáo dục công dân 8 (Kết nối tri thức);GI108d_32;2
Giáo dục công dân 8- 9 (Tài liệu giáo dục địa phương Lào Cai);GI108d_33;2
Giáo dục công dân 8- 9 (Tài liệu giáo dục địa phương Ninh Bình);GI108d_34;2
Giáo dục công dân 8 -SGV (Chân trời sáng tạo);GI108d_35;3
Giáo dục công dân 8( Chân trời sáng tạo);GI108d_36;5
Giáo dục công dân 8(Chân trời sáng tạo);GI108d_37;15
Giáo dục công dân 8, sách giáo viên;GI108d_38;11
Giáo dục công dân 8-9 (Tài liệu giáo dục địa phương Phú Thọ);GI108d_39;15
Giáo Dục Công Dân 9;GI108d_40;15
Giáo dục công dân 9;GI108d_41;4
Giáo dục công dân 9;GI108d_42;6
Giáo Dục Công Dân 9 (bài tập);GI108d_43;9
Giáo dục công dân 9 (Cánh Diều);GI108d_44;11
Giáo dục công dân 9 (Chân trời sáng tạo);GI108d_45;8
Giáo dục công dân 9 (CTST);GI108d_46;1
Giáo dục công dân 9 (CTST) - SGV;GI108d_47;4
Giáo dục công dân 9 (CTST)-SGV;GI108d_48;6
Giáo dục công dân 9 -SGV;GI108d_49;10
Giáo dục công dân 9, sách giáo viên;GI108d_50;8
Giáo dục công dân Trung học cơ sở (Tài liệu giáo dục địa phương Ninh Bình- dành cho Giáo viên);GI108d_51;16
Giáo dục đạo đức văn hóa, xây đắp lý tưởng cách mạng cho HS trong bối cảnh hiện nay;GI108d_52;6
Giáo dục đạo đức, lối sống văn hóa, xây đắp lý tưởng cách mạng cho HS trong bối cảnh hiện nay;GI108d_53;4
Giáo dục gia đình;GI108d_54;16
Giáo dục gia đình;GI108d_55;16
Giáo dục hướng nghiệp 9 - SGV;GI108d_56;12
Giáo dục hướng nghiệp 9, sách giáo viên;GI108d_57;14
Giáo dục kĩ năng sống cho học sinh THCS;GI108d_58;6
Giáo dục kĩ năng sống cho HS THCS;GI108d_59;16
Giáo dục kĩ năng sống cho HS THCS;GI108d_60;11
Giáo dục kĩ năng sống địa lí;GI108d_61;14
Giáo dục kĩ năng sống trong HĐGD ngoài giờ lên lớp ở trường THCS;GI108d_62;1
Giáo dục kĩ năng sống trong HĐNGLL THCS;GI108d_63;9
Giáo dục kĩ năng sống trong hoạt động giáo dục ngoài giờ lên lớp;GI108d_64;9
Giáo dục kĩ năng sống trong Hoạt động ngoài giờ lên lớp ở trường Trung học cơ sở (Tài liệu dành cho giáo viên);GI108d_65;15
Giáo dục kĩ năng sống trong môn địa lí ở trường THCS ;GI108d_66;12
Giáo dục kỉ năng sống trong môn Địa lí ở trường THCS;GI108d_67;6
Giáo dục kĩ năng sống trong môn Địa lí ở trường THCS (Tài liệu dành cho giáo viên);GI108d_68;6
Giáo dục kĩ năng sống trong môn Địa lí ở trường Trung học cơ sở (Tài liệu dành cho giáo viên);GI108d_69;2
Giáo dục kĩ năng sống trong môn GDCD;GI108d_70;14
Giáo dục kĩ năng sống trong môn GDCD ở trường THCS ;GI108d_71;9
Giáo dục kĩ năng sống trong môn GDCD ở trường THCS;GI108d_72;15
Giáo dục kĩ năng sống trong môn GDCD ở trường THCS;GI108d_73;16
Giáo dục kĩ năng sống trong môn Giáo dục công dân ở trường Trung học cơ sở (Tài liệu dành cho giáo viên);GI108d_74;5
Giáo dục kĩ năng sống trong môn ngữ văn;GI108d_75;12
Giáo dục kĩ năng sống trong môn Ngữ văn ở trường THCS;GI108d_76;15
Giáo dục kĩ năng sống trong môn ngữ văn ở trường THCS;GI108d_77;5
Giáo dục kĩ năng sống trong môn Ngữ văn ở trường Trung học cơ sở (Tài liệu dành cho giáo viên);GI108d_78;10
Giáo dục kĩ năng sống trong môn sinh học;GI108d_79;15
Giáo dục kĩ năng sống trong môn Sinh học ở trường THCS;GI108d_80;6
Giáo dục kĩ năng sống trong môn Sinh học ở trường THCS;GI108d_81;6
Giáo dục kĩ năng sống trong môn sinh học ở trường THCS;GI108d_82;5
Giáo dục kĩ năng sống trong môn Sinh học ở trường Trung học cơ sở (Tài liệu dành cho giáo viên);GI108d_83;1
Giáo dục kĩ năng sống trong Sinh học ở trường THCS;GI108d_84;13
Giáo dục môi trường qua môn Địa lí ở trường phổ thông;GI108d_85;5
Giáo dục môi trường thông qua môn địa lí ở trường phổ thông;GI108d_86;14
Giáo dục pháp luật về trật tự an toàn giao thông;GI108d_87;9
Giáo dục thể chất  6 - SGV  (Chân trời sáng tạo);GI108d_88;10
Giáo dục thể chất  7 - SGV  (Chân trời sáng tạo);GI108d_89;15
Giáo dục thể chất (Chân trời sáng tạo) - SGV;GI108d_90;7
Giáo dục thể chất (CTST);GId;2
Giáo dục thể chất 6  (Chân trời sáng tạo);GI108d_91;10
Giáo dục thể chất 6 - SGV;GI108d_92;12
Giáo dục thể chất 6 ( Chân trời sáng tạo );GI108d_93;10
Giáo dục thể chất 6 (Chân trời sáng tạo);GI108d_94;2
Giáo dục thể chất 6 (Chân trời sáng tạo);GI108d_95;5
Giáo dục thể chát 6 (chân trời sáng tạo) - SGV;GI108d_96;7
Giáo dục thể chất 6 (CTST);GI108d_97;2
Giáo dục thể chất 6 (CTST);GI108d_98;7
Giáo dục thể chất 7  (Cánh diều);GI108d_99;3
Giáo dục Thể chất 7 ( Chân trời sáng tạo );GI108d_100;14
Giáo dục thể chất 7 (Chân trời sáng tạo);GI108d_101;14
Giáo dục thể chất 7 (Chân trời sáng tạo);GI108d_102;3
Giáo dục thể chất 7 (CTST);GI108d_103;2
Giáo dục thể chất 7 (CTST);GI108d_104;16
Giáo dục thể chất 7 (Kết nối tri thức với cuộc sống);GI108d_105;13
Giáo dục thể chất 7 SGV (Chân trời sáng tạo);GI108d_106;16
Giáo dục thể chất 8 - SGV (Chân trời sáng tạo);GI108d_107;7
Giáo dục thể chất 8 (Chân trời sáng tạo);GI108d_108;10
Giáo dục thể chất 8 (CTST);GId_1;9
Giáo dục thể chất 8 (CTST);GI108d_109;7
Giáo dục thể chất 8 (CTST);GI108d_110;16
Giáo dục thể chất 8 (Kết nối tri thức);GI108d_111;3
Giáo dục thể chất 8(Chân trời sáng tạo);GI108d_112;9
Giáo dục thể chất 9 (Cánh Diều);GI108d_113;9
Giáo dục thể chất 9 (chân trời sáng tạo);GI100;6
Giáo dục thể chất 9 (CTST);GI108d_114;2
Giáo dục thể chất 9 (CTST) - SGV;GI108d_115;2
Giáo dục thể chất 9 (CTST)-SGV;GI108d_116;6
Giáo dục thể chất 9 (Kết nối tri thức);GI108d_117;14
Giáo dục trật tự an toàn giao thông;GI108d_118;12
Giáo dục trật tự ATGT;GI108d_119;6
Giáo dục trẻ em vị thành niên;GI108d_120;12
Giáo dục trẻ em vị thành niên;GI108d_121;1
Giao tiếp ứng xử;GI108t;3
Gió;GI400;11
Gió;GI400_1;2
Giới thiêu các bài soạn Vật lí 8;GI462th;7
Giới thiệu các bài soạn Vật lí 8;GI462th_1;12
Giới thiệu các bài soạn Vật lý 8;GI462th_2;6
Giúp em viết bài văn hay lớp 6;GI521e;4
Giúp em viết bài văn hay lớp 7;GI521e_1;4
Giúp em viết bài văn hay lớp 8;GI521e_2;9
Giúp em viết bài văn hay lớp 9;GI521e_3;9
Giúp học giỏi địa lí THCS Câu hỏi và bài tập trắc nghiệm Địa lí 7;GI521h;11
Giúp học giỏi Lịch sử  THCS Câu hỏi và bài tập trắc nghiệm lịch sử 9;GI521h_1;1
Góp phần dạy tốt học tốt môn GDCD ở trường THCS ;G434ph;13
Góp phần dạy tốt, học tốt môn GDCD ở trường THPT;G434ph_1;14
Grammar Practice for upper intermediate Students;Gp;7
Grammar Practice for upper intermediate Students;Gp_1;13
Gương mặt người thầy;G561m;11
Gương mặt người thầy;G561m_1;3
Gương sáng đội viên;G561s;6
Gương thành công của các danh nhân  nhà nghệ thuật;G561th;2
Gương thành công của các danh nhân nhà nghệ thuật;G561th_1;3
Gương thành công của các danh nhân nhà văn;G561th_2;14
Gương thành công của các Danh nhân Nhà văn;G561th_3;9
Hải đoàn cảm tử;H103d;9
Hành trình của một e.mail;H107tr;2
Hạt giống yêu đời;H110gi;2
Hạt giống yêu đời;H110gi_1;2
Hầu Thánh;H125th;6
Hầu Thánh;H125th_1;6
Hãy sống mạnh mẽ;H112s;13
HĐNG Lên lớp 6;Hl;11
HĐNG Lên lớp 7;Hl_1;1
HĐNG Lên lớp 8;Hl_2;4
HĐNG Lên lớp 9;Hl_3;2
HĐTN và Hướng Nghiệp 6 (CTST);Hv;5
HĐTN, HN 6 (Cánh Diều);Hh;10
HĐTN,HN 8 (Cánh Diều);H8;3
HĐTT và tìm hiểu kĩ năng sống cho HS 6;Hv_1;14
HĐTT và tìm hiểu kĩ năng sống cho HS 7 tập 1,2;Hv_2;8
HĐTT và tìm hiểu kĩ năng sống cho HS 8 tập 1,2;Hv_3;2
HĐTT và tìm hiểu kĩ năng sống cho HS 9 tập 1,2;Hv_4;12
Hệ thống các văn bản quy phạm pháp luật hiện hành về thanh tra, kiểm tra trong lĩnh vực giáo dục;H250th;16
Hệ thống các văn bản vi phạm pháp luật hiện hành về thanh tra kiểm tra trong lĩnh vực GD;H250th_1;4
Hệ thống câu hỏi trắc nghiệm tự luận Ngữ văn7;H250th_2;1
Hệ thống câu hỏi trắc nghiệm và bài tập tự luận Ngữ văn 7;H250th_3;7
Hệ thống hóa kiến thức môn Ngữ văn Trung học cơ sở;H250th_4;3
Hệ thống hóa kiến thức môn Tiếng Anh Trung học cơ sở;H250th_5;8
Hệ thống hóa kiến thức môn Toán Trung học cơ sở;H250th_6;13
Hiền tài là nguyên khí quốc gia;H305t;5
Hiểu về sự sống - Sự sống bắt đầu từ đâu? - Tập 1;H309v;7
Hiểu về sự sống - Sự sống có khi nào kết thúc? - Tập 2;H309v_1;8
Hiểu về sự sống - Sự sống vì sao quý giá;H309v_2;15
Hình ảnh Bác Hồ trong trái tim đồng bào các dân tộc;H312a;4
Hình ảnh bác Hồ trong trái tim đồng bào các dân tộc;H312a_1;11
Hồ Chí  Minh Trong Tiến trình lịch sử dân tộc;H450ch;5
Hồ Chí Minh đỉnh cao truyền thống;H450ch_1;3
Hồ Chí Minh đỉnh cao truyền thống Nhân Trí Dũng Việt Nam;H450ch_2;3
Hồ Chí Minh nhân trí dũng…;H450ch_3;16
Hồ Chí Minh trong tiến trình lịch sử dân tộc;H450ch_4;5
Hồ Chí Minh với con người và văn hóa;H450ch_5;10
Hồ Chí Minh với con người và văn hóa;H450ch_6;2
Hồ Chí Minh Với giáo dục;H450ch_7;10
Hồ Chí Minh với giáo dục;H450ch_8;14
Hồ Chí Minh với thanh thiếu niên;H450ch_9;14
Hồ Chí Minh với thanh thiếu niên;H450ch_10;14
Hồ Quý Ly nhà cải cách;H450qu;14
Hồ Quý Ly nhà cải cách;H450qu_1;11
Hổ tr trợ dạy học tiếng việt cho HS dan tộc thiểu số THCS vùng  khó khăn nhất;H450tr;9
Hỗ trợ dạy học Tiếng Việt cho học sinh dân tộc thiểu số cấp THCS vùng khó khăn nhất;H450tr_1;4
Hỗ trợ dạy học tiếng việt cho HS dân tộc…;H450tr_2;3
Hỗ trợ học tập cho học sinh THCS vùng khó khăn môn sử 6;H450tr_3;10
Hỗ trợ học tập cho học sinh THCS vùng khó khăn nhất môn Ngữ văn 6 (t2);H450tr_4;8
Hỗ trợ học tập cho học sinh THCS vùng khó khăn nhất môn Toán 6 - Tập 2;H450tr_5;12
Hỗ trợ học tập cho học sinh THCS vùng khó khăn nhất môn toán 6 (t1);H450tr_6;16
Hỗ trợ học tập cho học sinh THCS vùng khó khăn nhất môn toán 6 (tập2);H450tr_7;16
Hổ trợ học tập cho HS THCS vùng khó khăn nhất môn Hóa 8;H450tr_8;15
Hỗ trợ học tập THCS vùng khó khăn nhất môn Hóa học -  lớp 8;H450tr_9;10
Hỗ trợ học tập THCS vùng khó khăn nhất môn Lịch sử lớp 6;H450tr_10;12
Hỗ trợ học tập THCS vùng khó khăn nhất môn Ngữ văn 6- Tập 2 lớp 6;H450tr_11;3
Hỗ trợ học tập THCS vùng khó khăn nhất môn Toán 6- Tập 1 lớp 6;H450tr_12;11
Hỗ trợ ht cho hs THCS VKK nhất Toán 6;H450tr_13;3
Hỗ trợ ht cho hs THCS vùng KK nhất môn Địa Lí 6;H450tr_14;6
Hỗ trợ ht cho hs THCS vùng KK nhất NV 6 (Tập 1);H450tr_15;10
Hóa  9 (bài tập);H4019;3
Hóa 8;H4018;3
Hóa 8;H4018_1;10
Hóa 9;H4019_1;16
Hóa 9;H4019_2;10
Hóa hóa 9 (bài tập);H401h;15
Hoá học 8;H401h_1;4
Hóa học 8;null;15
Hóa học 8;H401h_2;10
Hóa học 8 - SGV;H401h_3;3
Hoá học 8 - Song ngữ Việt - Anh;H401h_4;2
Hoá học 8, sách giáo viên;H401h_5;6
Hoá học 9;H401h_6;5
Hóa học 9;null_1;6
Hóa học 9;H401h_7;2
Hoá học 9 - Song ngữ Việt - Anh;H401h_8;5
Hóa học 9 (SGV);H401h_9;9
Hóa học 9 -SGV;H401h_10;1
Hoá học 9, sách giáo viên;H401h_11;1
Hóa học hữu cơ 2;H401h_12;14
Hóa học và những điều lí thú;H401h_13;6
Hoá học và những điều lý thú;H401h_14;13
Hóa học và những điều lý thú;H401h_15;2
Họa mi tìm tổ;H401m;8
Họa Mi tìm tổ;H401m_1;2
Hoa tuyết trắng;H401t;9
Hoa tuyết trắng;H401t_1;12
Hoài Thanh- Đặng Thai Mai…;H404th;9
Hoài Thanh những tác phẩm tiêu biểu trước 1945;H404th_1;15
Hoài Thanh những tác phẩm tiêu biểu trước 1945;H404th_2;8
Hoài Thanh những tác phẩm tiêu biểu…;H404th_3;9
Hoài Thanh,Hoài Chân thi nhân Việt Nam;H404th_4;3
Hoài Thanh,Vũ Ngọc Phan,Hải Triều,Đặng Thai Mai;H404th_5;12
Hoạt động giáo dục nghề phổ thông - Nghề vi sinh dinh dưỡng và chế biến nông sản - thực phẩm lớp 8;H411đ;9
Hoạt Động Giáo Dục NGLL;H411d;14
Hoạt động giáo dục NGLL;H411d_1;12
Hoạt động giáo dục ngoài giờ lên lớp 6, sách giáo viên;H411đ_1;15
Hoạt động giáo dục ngoài giờ lên lớp 7, sách giáo viên;H411đ_2;13
Hoạt động giáo dục ngoài giờ lên lớp 8 - SGV;H411đ_3;10
Hoạt động giáo dục ngoài giờ lên lớp 8, sách giáo viên;H411đ_4;3
Hoạt động giáo dục ngoài giờ lên lớp 9 - SGV;H411đ_5;3
Hoạt động giáo dục ngoài giờ lên lớp 9, sách giáo viên;H411đ_6;16
Hoạt Động Hình Học Ở Trường THCS;H411d_2;2
Hoạt động hình học ở trường THCS;H411đ_7;7
Hoạt động thực tiển và tìm hiểu kỉ năng giành cho học sinh;H411đ_8;9
Hoạt động thực tiển và tìm hiểu kỉ năng giành cho học sinh lớp 8 - tập 2;H411đ_9;10
Hoạt động thực tiễn và tìm hiểu kĩ năng sống  lớp 7 tập 2;H411d_3;8
Hoạt động thực tiễn và tìm hiểu kĩ năng sống  lớp 8 tập 2;H411d_4;11
Hoạt động thực tiễn và tìm hiểu kĩ năng sống dành cho học sinh;H411đ_10;16
Hoạt động thực tiễn và tìm hiểu kĩ năng sống dành cho học sinh;H411d_5;13
Hoạt động trải nghiệm 6 (Cánh diều);H411đ_11;16
Hoạt động trải nghiệm 7 (Cánh diều);H411đ_12;12
Hoạt động trải nghiệm hướng nghiệp (Cánh diều);H411d_6;12
Hoạt động trải nghiệm hướng nghiệp (Chân trời sáng tạo);H411d_7;6
Hoạt động trải nghiệm hướng nghiệp (KNTTV CS);H411d_8;8
Hoạt động trải nghiệm hướng nghiệp 6 - SGV;H411đ_13;13
Hoạt động trãi nghiệm hướng nghiệp 6(Chân trời sáng tạo);H411d_9;5
Hoạt động trải nghiệm hướng nghiệp 8-SGV (Chánh Diều);H411đ_14;4
Hoạt động trải nghiệm sáng tạo trong các môn học lớp 6;Hđ;11
Hoạt động trải nghiệm sáng tạo trong các môn học lớp 7;Hđ_1;7
Hoạt động trải nghiệm sáng tạo trong các môn học lớp 8;Hđ_2;3
Hoạt động trải nghiệm sáng tạo trong các môn học lớp 9;Hđ_3;10
Hoạt động trải nghiệm, hướng nghiệm 9 (Cánh Diều);H411đ_15;2
Hoạt động trải nghiệm, hướng nghiệm 9 (Chân trời sáng tạo) - Bản 1;H411đ_16;3
Hoạt động trải nghiệm, hướng nghiệp (CD)-SGV;H411đ_17;8
Hoạt động trải nghiệm, hướng nghiệp (Chân trời sáng tạo) - Bản 1;H411đ_18;16
Hoạt động trải nghiệm, hướng nghiệp (chân trời sáng tạo) - Bản 2;H411đ_19;9
Hoạt động trải nghiệm, hướng nghiệp 6;H411đ_20;9
Hoạt động trải nghiệm, hướng nghiệp 6 - SGV (Cánh Diều);H411đ_21;13
Hoạt động trải nghiệm, hướng nghiệp 6 (Cánh Diều);H411đ_22;14
Hoạt động trải nghiệm, hướng nghiệp 6 (Cánh Diều);H411đ_23;16
Hoạt động trải nghiệm, hướng nghiệp 6 (CD);H411đ_24;2
Hoạt động trải nghiệm, hướng nghiệp 6 (CD);H411đ_25;5
Hoạt động trải nghiệm, hướng nghiệp 6 (CD) - SGV;H411đ_26;3
Hoạt động trải nghiệm, hướng nghiệp 6 (Chân trời sáng tạo);H411đ_27;9
Hoạt động trải nghiệm, hướng nghiệp 6 (Chân trời sáng tạo) - SGV;H411đ_28;11
Hoạt động trải nghiệm, hướng nghiệp 6- SGV (Cánh diều);H411đ_29;3
Hoạt động trải nghiệm, hướng nghiệp 7 (Cánh diều);H411đ_30;4
Hoạt động trải nghiệm, hướng nghiệp 7 (Cánh Diều);H411đ_31;16
Hoạt động trải nghiệm, hướng nghiệp 7 (CD);H411đ_32;9
hoạt động trải nghiệm, hướng nghiệp 7 (CD);H411đ_33;5
Hoạt động trải nghiệm, hướng nghiệp 7 (Chân trời sáng tạo);H411đ_34;6
Hoạt động trải nghiệm, hướng nghiệp 7 (Chân trời sáng tạo) - Bản 1;H411đ_35;9
Hoạt động trải nghiệm, hướng nghiệp 7 (Kết nối tri thức với cuộc sống);H411đ_36;11
Hoạt động trải nghiệm, hướng nghiệp 7- SGV (Cánh diều);H411đ_37;3
Hoạt động trải nghiệm, hướng nghiệp 8 (Cánh Diều);H411đ_38;8
Hoạt động trải nghiệm, hướng nghiệp 8 (CD);H411đ_39;1
Hoạt động trải nghiệm, hướng nghiệp 8 (CD);H411đ_40;3
Hoạt động trải nghiệm, hướng nghiệp 8 (Chân trời sáng tạo) - Bản 1;H411đ_41;16
Hoạt động trải nghiệm, hướng nghiệp 8 (Chân trời sáng tạo) - Bản 2;H411đ_42;11
Hoạt động trải nghiệm, hướng nghiệp 8 (Kết nối tri thức);H411đ_43;8
hoạt động trải nghiệm, hướng nghiệp 8 (Kết nối tri thức);H411đ_44;16
Hoạt động trải nghiệm, hướng nghiệp 8(cánh Diều);H411đ_45;9
Hoạt động trải nghiệm, hướng nghiệp 9;H411đ_46;1
Hoạt động trải nghiệm, hướng nghiệp 9 (CD);H411đ_47;15
Hoạt động trải nghiệm, hướng nghiệp 9 (CD) - SGV;H411đ_48;14
Hoạt động trải nghiệm, hướng nghiệp 9 (CD) - SGV;H411đ_49;10
Hoạt động trải nghiệm, hướng nghiệp 9 (CD) -SGV;H411đ_50;10
Hoạt động trải nghiệm, hướng nghiệp 9 (Chân trời sáng tạo) - Bản 2;H411đ_51;16
Học Âm nhạc theo ĐH Phát Triển 9;H419a;7
Học âm nhạc theo định hướng phát triển năng lực khối 6;H419a_1;11
Học âm nhạc theo định hướng phát triển năng lực lớp 6;H419a_2;5
Học Âm nhạc theo định hướng phát triển năng lực lớp 6;H419a_3;15
Học Âm Nhạc Theo Định Hướng Phát Triển Năng Lực Lớp 7;H419a_4;3
Học âm nhạc theo định hướng phát triển năng lực lớp 7;H419a_5;1
Học Âm nhạc theo định hướng phát triển năng lực lớp 8;H419a_6;16
Học âm nhạc theo định hướng phát triển năng lực lớp 8;H419a_7;6
Học âm nhạc theo định hướng phát triển năng lực lớp 9;H419a_8;12
Học ăn học nói học mở;H419a_9;14
Học ăn, học nói, học gói, học mở;H419a_10;5
Học tích cực đánh giá kết quả học tập của học sinh THCS vùng khó khăn nhất;H419t;1
Học tích cực đánh giá kết quả học tập của HS THCS;H419t_1;2
Học tích cực đánh giá kết quả HT HS vùng khó khăn;H419t_2;9
Học toán thật vui;H419t_3;3
Học toán thật vui;H419t_4;15
Học và làm theo pháp luật hỏi đáp tập 2;H419v;14
Học và làm theo pháp luật tập 2;H419v_1;3
Hỏi - Đáp về dân chủ ở cơ sở;H428-;14
Hỏi & đáp về quyền trẻ em ;H428d;3
Hỏi đáp 1000 năm Thăng Long;H428d_1;15
Hỏi đáp 1000 năm thăng long Hà Nội;H428d_2;4
Hỏi đáp 1000 năm Thăng Long Hà nội;H428đ;16
Hỏi đáp 1000 năm thăng long Hà Nội 1;H428d_3;4
Hỏi đáp 1000 năm thăng long Hà Nội 2;H428d_4;15
Hỏi đáp 1000 năm thăng long Hà Nội tập 1;H428d_5;14
Hỏi đáp 1000 năm thăng long Hà Nội tập 2;H428d_6;7
Hỏi đáp Lịch sử 8;H428d_7;1
Hỏi đáp lịch sử 8;H428d_8;9
Hỏi đáp Lịch sử 8;H428đ_1;7
Hỏi đáp ngữ văn 6;H428d_9;6
Hỏi đáp Ngữ văn 9;H428đ_2;10
Hỏi đáp Ngữ văn 9;H428d_10;6
Hỏi đáp về các tội xâm phạm tín mạng, sức khỏe của con người;H428đ_3;4
Hỏi đáp về các tội xâm phạm tính mạng, sức khỏe của con người;H428d_11;12
Hỏi đáp về dân chủ ở  cơ sở;H428d_12;16
Hỏi đáp về hoạt động hòa giải ở cơ sở;H428d_13;4
Hỏi- Đáp về tổ chức và hoạt động hòa giải ở cơ sở;Hđ_4;13
Hỏi gì cũng biết: Vũ trụ thật đơn giản;H428g;3
Hỏi già cũng biết,vũ trụ thật đơn giản;H428gi;11
Hội thi giáo viên thư viện với công tác thư viện trường học;H452th;4
Hội Thi GV Thư Viện với Công Tác Thư viện Trường Học;H452th_1;1
Hỏi và đáp về quyền trẻ em;H428v;7
Hướng  dẫn Trả Lời Câu hỏi và bài tập Trắc nghiệm Địa lí 9;H561d;10
Hướng dẫn  giải bài tập Vật lí THCS;H561d_1;2
Hướng dẫn áp dụng chuẩn nghề nghiệp GV;H561d_2;5
Hướng dẫn áp dụng chuẩn nghề nghiêp Gv TH vào đánh giá GV;H561d_3;11
Hướng dẫn áp dụng chuẩn NNGVTH vào đánh giá giáo viên;H561d_4;14
Hướng dẫn bé làm nội trợ;H561d_5;9
Hướng dẫn dạy học Lịch sử địa phương (Dùng trong các trường Trung học cơ sở tỉnh Hà Giang);H561d_6;4
Hướng dẫn giải bài tập Toán 7 tập 1;H561d_7;14
Hướng dẫn giải bài tập Vật lí THCS;H561d_8;5
Hướng dẫn Giải BT Vật Lý 7 ;H561d_9;12
Hướng dẫn học Công nghệ 6 (Sách thử nghiệm);Hd;16
Hướng dẫn học Công nghệ 7, tập 1 (Sách thử nghiệm);Hd_1;2
Hướng dẫn học Công nghệ 7, tập 2 (Sách thử nghiệm);Hd_2;10
Hướng dẫn học Công nghệ 8, tập hai (Sách thử nghiệm);Hd_3;2
Hướng dẫn học Công nghệ 8, tập một (Sách thử nghiệm);Hd_4;6
Hướng dẫn học Giáo dục Công dân 6 (Sách thử nghiệm);H561d_10;8
Hướng dẫn học Giáo dục công dân 7 (Sách thử nghiệm);Hd_5;11
Hướng dẫn học Giáo dục công dân 8 (Sách thử nghiệm);Hd_6;14
Hướng dẫn học Khoa học tự nhiên 6, Tập một (Sách thử nghiệm);H561d_11;16
Hướng dẫn học Khoa học Tự nhiên 6. tập hai (Sách thử nghiệm);H561d_12;9
Hướng dẫn học Khoa học tự nhiên 7 (Sách thử nghiệm);Hd_7;15
Hướng dẫn học Khoa học tự nhiên 8 (Sách thử nghiệm);Hd_8;13
Hướng dẫn học Khoa học Xã hội 6 (Sách thử nghiệm);H561d_13;9
Hướng dẫn học Khoa học xã hội 7, tập 1 (Sách thử nghiệm);Hd_9;13
Hướng dẫn học Khoa học xã hội 7, tập 2 (Sách thử nghiệm);Hd_10;13
Hướng dẫn học Khoa học xã hội 8, tập hai (Sách thử nghiệm);Hd_11;2
Hướng dẫn học Khoa học xã hội 8, tập một (Sách thử nghiệm);Hd_12;14
Hướng dẫn học Ngữ văn 6, tập hai (Sách thử nghiệm);H561d_14;7
Hướng dẫn học Ngữ văn 6, Tập một (Sách thử nghiệm);H561d_15;4
Hướng dẫn học Ngữ văn 7, tập 1 (Sách thử nghiệm);Hd_13;10
Hướng dẫn học Ngữ văn 7, tập 2 (Sách thử nghiệm);Hd_14;5
Hướng dẫn học Ngữ văn 8, tập hai (Sách thử nghiệm);Hd_15;6
Hướng dẫn học Ngữ văn 8, tập một (Sách thử nghiệm);Hd_16;8
Hướng dẫn học Tin học 6 (sách thử nghiệm);H561d_16;13
Hướng dẫn học Tin học 7 (Sách thử nghiệm);Hd_17;7
Hướng dẫn học Tin học 8 (Sách thử nghiệm);Hd_18;13
Hướng dẫn học Toán 6, tập hai (Sách thử nghiệm);H561d_17;13
Hướng dẫn học Toán 6, tập một (Sách thử nghiệm);H561d_18;13
Hướng dẫn học Toán 7, tập 1 (Sách thử nghiệm);Hd_19;1
Hướng dẫn học Toán 7, tập 2 (Sách thử nghiệm);Hd_20;1
Hướng dẫn học Toán 8, tập hai (Sách thử nghiệm);Hd_21;4
Hướng dẫn học Toán 8, tập một (Sách thử nghiệm);Hd_22;12
Hướng dẫn học và kiểm tra Tiếng Anh 9;H561d_19;1
Hướng dẫn học và làm bài - làm văn Ngữ văn 6 - Tập 2;H561d_20;9
Hướng dẫn học và làm bài Ngữ văn 6(t2);H561d_21;6
Hướng dẫn làm bài tập Đại số  7;H561d_22;12
Hướng dẫn làm bài tập Đại số 8;H561d_23;5
Hướng dẫn làm bài tập Hình học 7;H561d_24;4
Hướng dẫn làm bài tập Hình học 8;H561d_25;15
Hướng dẫn làm bài tập Hóa 8;H561d_26;1
Hướng dẫn làm bài tập và ôn tập Vật lí 6;H561d_27;14
Hướng dẫn Làm BT Đại Số 7 ;H561d_28;12
Hướng dẫn Làm BT Hình Học 7 ;H561d_29;3
Hướng dẫn ôn tập kiến thức Sinh học Trung học cơ sở;H561d_30;11
Hướng dẫn ôn tập và giải bài tập Vật lí 8;H561d_31;5
Hướng dẫn ôn tập và giải bài tập Vật lý 8;H561d_32;4
Hướng dẫn ôn tập, giải BT Vật lí 8;H561d_33;9
Hướng dẫn phòng tránh đuối nước (Dành cho học sinh Trung học cơ sở);H561d_34;14
Hướng dẫn phương pháp tổ chức hoạt động cho trẻ từ 24 – 36 tháng tuổi;H561d_35;2
Hướng dẫn sử dụng át lát địa lí Việt Nam;H561d_36;5
Hướng dẫn sử dụng Átlat địa lý Việt Nam;H561d_37;16
Hướng dẫn sử dụng thiết bị dạy học môn học: Toán - Vật lí lớp 9;H561d_38;13
Hướng dẫn thiết bị dạy học lớp 9 môn toán - vật lý;H561d_39;8
Hướng dẫn TH-Toán-Lí-Hóa- sinh trên máy tính;H561d_40;9
Hướng dẫn thực hành quản lý, sử dụng tài sản công tại các đơn vị hành chính sự nghiệp.;H561d_41;10
Hướng dẫn thực hành tin học ( Q3);H561d_42;1
Hướng dẫn thực hành Tin học dành cho  THCS - quyển 2;H561d_43;16
Hướng dẫn thực hành tin học dành cho THCS quyển 3;H561d_44;13
Hướng dẫn thực hành Tin học dành cho THCS quyển 4;H561d_45;4
Hướng dẫn Thực Hành tin học THCS quyển 2;H561d_46;6
Hướng dẫn Thực Hành tin học THCS quyển 4;H561d_47;10
Hướng dẫn thực hành Toán - Lí - Hóa - sinh trên máy tính cầm tay;H561d_48;12
Hướng dẫn thực hành Toán - Lí - Hóa - Sinh trên MTCT;H561d_49;5
Hướng dẫn thực hiện đổi mới cơ chế tự chủ tài chính của đơn vị sự nghiệp công lập.;H561d_50;11
Hướng dẫn trả lời câu hỏi bài tập Lịch sử 9;H561d_51;1
Hướng dẫn trả lời câu hỏi bài tập trắc Địa 9;H561d_52;10
Hướng dẫn trả lời câu hỏi và bài tập trắc nghiệm Địa lí 9;H561d_53;16
Hướng dẫn trả lời câu hỏi và bài tập trong sách giáo khoa Lịch sử 9;H561d_54;15
Hướng dẫn Trả lời câu hỏi và bt -SGK- Lịch sử 9;H561d_55;9
Hương rừng thơm đồi vắng;H561r;1
Huyền thoại vầng luông;H527th;9
Huyền thoại Vằng luông;H527th_1;5
I - Science 1 (workbook) - Bài tập Khoa học 1;I300s;13
I - Science 2 (workbook) - Bài tập Khoa học 2;I300s_1;6
I - Science 3 (workbook A) - Bài tập Khoa học 3A;I300s_2;5
I - Science 3 (workbook B) - Bài tập Khoa học 3B;I300s_3;4
I - Science textbook 6 - Khoa học 6;I300s_4;11
I - Science workbook 5A - Bài tập Khoa học 5A;I300s_5;3
I - Science workbook 5B - Bài tập Khoa học 5B;I300s_6;15
I - Science workbook 6A - Bài tập Khoa học 6A;I300s_7;6
I - Science workbook 6B - Bài tập Khoa học 6B;I300s_8;4
I- learn Smart World;I300l;10
Jack- lon don;l;1
James Watt;w_6;10
JAMES WATT;w_7;2
Kể chuyện Bác Hồ - Tập 6;K250ch;14
Kể chuyện Bác Hồ- Tập IX;K250ch_1;2
Kể chuyện Bác Hồ- Tập VIII;K250ch_2;2
Kể chuyện các dân tộc Cơ Tu;K250ch_3;5
Kể chuyện các dân tộc Pà Thẻn;K250ch_4;9
Kể chuyện các dân tộc Việt Nam dân tộc Bố Y;K250ch_5;15
Kể chuyện các dân tộc Việt Nam dân tộc Brâu;K250ch_6;2
Kể chuyện các dân tộc Việt Nam dân tộc Bru - Vân Kiều;K250ch_7;9
Kể chuyện các dân tộc Việt Nam dân tộc Chăm;K250ch_8;11
Kể chuyện các dân tộc Việt Nam dân tộc Cơ Ho;K250ch_9;12
Kể chuyện các dân tộc Việt Nam dân tộc Cơ Lao;K250ch_10;2
Kể chuyện các dân tộc Việt Nam dân tộc Cống;K250ch_11;7
Kể chuyện các dân tộc Việt Nam dân tộc Ê Đê;K250ch_12;16
Kể chuyện các dân tộc Việt Nam dân tộc Giáy;K250ch_13;15
Kể chuyện các dân tộc Việt Nam dân tộc Gié Triêng;K250ch_14;3
Kể chuyện các dân tộc Việt Nam dân tộc Hà Nhì;K250ch_15;11
Kể chuyện các dân tộc Việt Nam dân tộc Kháng;K250ch_16;13
Kể chuyện Các dân tộc Việt Nam dân tộc Khơ Me;K250ch_17;1
Kể chuyện các dân tộc Việt Nam dân tộc Khơ Mú;K250ch_18;12
Kể chuyện các dân tộc Việt Nam dân tộc La Chí;K250ch_19;8
Kể chuyện các dân tộc Việt Nam dân tộc La Ha;K250ch_20;13
Kể chuyện các dân tộc Việt Nam dân tộc Lào;K250ch_21;10
Kể chuyện các dân tộc Việt nam dân tộc Lô Lô;K250ch_22;9
Kể chuyện các dân tộc Việt Nam dân tộc Lự;K250ch_23;16
Kể chuyện các dân tộc Việt Nam dân tộc Mạ;K250ch_24;14
Kể chuyện các dân tộc Việt Nam dân tộc Mảng;K250ch_25;6
Kể chuyện các dân tộc Việt Nam dân tộc Nùng;K250ch_26;14
Kể chuyện các dân tộc Việt Nam dân tộc Ra - Glai;K250ch_27;9
Kể chuyện các dân tộc Việt Nam dân tộc Rơ Măm;K250ch_28;15
Kể chuyện các dân tộc Việt Nam dân tộc Sán Chay;K250ch_29;12
Kể chuyện các dân tộc Việt Nam dân tộc Sán Dìu;K250ch_30;5
Kể chuyện các dân tộc Việt Nam dân tộc Si La;K250ch_31;11
Kể chuyện các dân tộc Việt Nam dân tộc Tà Ôi;K250ch_32;5
Kể chuyện các dân tộc Việt Nam dân tộc Tày;K250ch_33;11
Kể chuyện các dân tộc Việt Nam dân tộc Thổ;K250ch_34;1
Kể chuyện các dân tộc Việt Nam dân tộc Xinh - mun;K250ch_35;7
kể chuyện các dân tộc Việt nam dân tộc Xtiêng;K250ch_36;12
Kể chuyện chùa hương;K250ch_37;7
Kể chuyện lịch sử cho tuổi thơ - Tập ba : Chuyện hay về danh nhân, danh tướng nước Việt;K250ch_38;8
Kể chuyện lịch sử cho tuổi thơ - Tập hai : Chuyện các vị vua và danh nhân nước Việt;K250ch_39;15
Kể chuyện nguồn gốc thành ngữ, tục ngữ : Cá chép hóa rồng;K250ch_40;13
Kể chuyện nguồn gốc thành ngữ, tục ngữ : Cáo mượn oai hùm;K250ch_41;13
Kể chuyện nguồn gốc thành ngữ, tục ngữ : Đẽo cày giữa đường;K250ch_42;10
Kể chuyện nguồn gốc thành ngữ, tục ngữ : Ếch ngồi đáy giếng;K250ch_43;12
Kể chuyện nguồn gốc thành ngữ, tục ngữ : Nói dối như cuội;K250ch_44;6
Kể chuyện nguồn gốc Thành ngữ, tục ngữ : Nước mắt cá sấu;K250ch_45;12
Kể chuyện nguồn gốc thành ngữ, tục ngữ : Thả mồi bắt bóng;K250ch_46;5
Kể chuyện nguồn gốc thành ngữ, tục ngữ : Thân lừa ưa nặng;K250ch_47;10
Kể chuyện nguồn gốc thành ngữ, tục ngữ : Thầy bói xem voi;K250ch_48;7
Kể chuyện nguồn gốc thành ngữ, tục ngữ : Xôi hỏng bỏng không;K250ch_49;11
Kể chuyện thành ngữ, tục ngữ - Học tập;K250ch_50;9
Kể chuyện thành ngữ, tục ngữ - Lòng dũng cảm;K250ch_51;3
Kể chuyện thành ngữ, tục ngữ - Lòng nhân hậu;K250ch_52;8
Kể chuyện thành ngữ, tục ngữ - Lòng trung thực;K250ch_53;16
Kể chuyện thành ngữ, tục ngữ - Lòng tự trọng;K250ch_54;4
Kể chuyện thành ngữ, tục ngữ - Nghị lực;K250ch_55;6
Kể chuyện thành ngữ, tục ngữ - Tình cảm gia đình;K250ch_56;2
Kể chuyện thành ngữ, tục ngữ - Tình đoàn kết;K250ch_57;4
Kể chuyện thành ngữ, tục ngữ - Tình yêu quê hương đất nước;K250ch_58;13
Kể chuyện thành ngữ, tục ngữ - Ước mơ;K250ch_59;3
Kết bạn dễ hay khó;K258b;12
Kết bạn dễ hay khó;K258b_1;4
Khác biệt giới tính;KH101b;8
Khác biệt giới tính;KH101b_1;1
Khai thác và phát triển 1 số bài toán THCS tập 1 Đại số;KH103th;3
Khai thác và phát triển một số bài toán THCS - tập 1 - Đại số;KH103th_1;15
Khai thác và phát triển một số bài toán THCS - tập 2 - số học và hình học;KH103th_2;7
Khai thác và phát triển một số bài toán THCS Đại số - tập 1;KH103th_3;15
Khai thác và phát triển một số bài toán THCS tập 1 đại số ;KH103th_4;8
Khai thác và phát triển một số bài toán THCS tập 2 số học và hình học;KH103th_5;7
Khám phá bí ẩn của thế giới tự nhiên;KH104ph;5
Khám phá bí ẩn thế giới tự nhiên;KH104ph_1;15
Khám phá bí ẩn thế giới tự nhiên (Phần 1);KH104ph_2;2
Khám phá bí ẩn thế giới tự nhiên (Phần 2);KH104ph_3;16
Khám phá những bí ẩn về vũ trụ;KH104ph_4;13
Khám phá những bí ẩn về Vũ trụ;KH104ph_5;4
Khám phá rừng già động vật hoang dã;KH104ph_6;13
Khám phá rừng già, động vật hoang dã;KH104ph_7;8
Khi tôi dám ước mơ;KH300t;15
Khi tôi dám ước mơ;KH300t_1;8
Khiêm nhường;KH304nh;3
Khiêm nhường;KH304nh_1;14
Khmer: hỏi đáp về cuộc đời và sự nghiệp của chủ tịch HCM;KHh;2
Khoa h5c tự nhiên 6 (Chân trời sáng tạo);KH401h;11
Khoa học công trình;KH401h_1;15
Khoa học siêu gần gũi;KH401h_2;1
Khoa học siêu gần gũi - Các trò chơi thực hành;KH401h_3;16
Khoa học tự nhiên (Cánh Diều);KH401h_4;14
Khoa học tự nhiên 6 - SGV;KH401h_5;14
Khoa học tự nhiên 6 ( Chân trời sáng tạo);KH401h_6;11
Khoa học tự nhiên 6 (Chân trời sáng tạo);KH401h_7;15
Khoa học tự nhiên 6 (Chân trời sáng tạo);KH401h_8;6
Khoa học tự nhiên 6 (Chân trời sáng tạo) - SGV;KH401h_9;7
Khoa học tự nhiên 6 (CTST);KH401h_10;1
Khoa học Tự nhiên 6 (CTST);KH401h_11;10
Khoa học tự nhiên 6 (CTST);KH401h_12;6
Khoa học tự nhiên 6 (CTST);KH401h_13;3
Khoa học tự nhiên 7 - SGV (Chân trời sáng tạo);KH401h_14;6
Khoa học tự nhiên 7 ( Chân trời sáng tạo);KH401h_15;15
Khoa học tự nhiên 7 (CTST);KH401h_16;5
Khoa học tự nhiên 7 (CTST);KH401h_17;16
Khoa học tự nhiên 8 (Cánh Diều);KH401h_18;2
Khoa học tự nhiên 8 (Cánh Diều);KH401h_19;5
Khoa học tự nhiên 8 (CD);KH401h_20;4
Khoa học tự nhiên 8 (CD);KH401h_21;8
Khoa học tự nhiên 8 (Kết nối tri thức);KH401h_22;11
Khoa học tự nhiên 8(cánh Diều);KH401h_23;4
Khoa học tự nhiên 9 (Chân trời sáng tạo);KH401h_24;7
Khoa học tự nhiên 9 (CTST) - SGV;KH401h_25;13
Khoa học tự nhiên 9 (CTST)-SGV;KH401h_26;2
Khoa học tự nhiên 9 (Kết nối tri thức);KH401h_27;16
Không là không;KH455l;1
Không là không;KH455l_1;10
Không phải lỗi của con;KH455ph;16
Không phải lỗi của mẹ;KH455ph_1;13
Khủng Long;KH513l;7
Khung năng lực giáo viên tiếng Anh tại Việt Nam: Hướng dẫn trong đào tạo - bồi dưỡng giáo viên;KH513n;4
Kĩ năng chăm sóc tâm lí, tư vấn cho học sinh của giáo viên Trung học cơ sở (Sách chuyên khảo);K300n;3
Kĩ năng đọc - hiểu văn bản Ngữ văn 6;K300n_1;13
Kĩ năng đọc - hiểu văn bản Ngữ văn 7;K300n_2;1
Kĩ năng đọc - hiểu văn bản Ngữ văn 8;K300n_3;6
Kĩ năng đọc - hiểu văn bản Ngữ văn 9;K300n_4;8
Kĩ năng sống dành cho học sinh lớp 6;K300n_5;3
Kĩ năng sống dành cho học sinh lớp 7;K300n_6;6
Kĩ năng sống dành cho học sinh lớp 8;K300n_7;2
Kĩ năng sống dành cho học sinh lớp 9;K300n_8;2
Kỉ thuật dạy học địa lí ở THCS;K300th;10
Kĩ thuật dạy học Địa lí ở trường THCS;K300th_1;6
Kĩ thuật đo lường các đại lượng vật lí, tập 2;K300th_2;16
Kí ức xôn xao;K300u;8
Kỉ yếu cuộc thi khoa học kĩ thuật dành cho học sinh trung học 2013-2014;K300y;1
Kỉ yếu cuộc thi khoa học kĩ thuật dành cho học sinh trung học năm học 2013- 2014;K300y_1;8
Kiểm tra học kì THCS Toán, Lí, Hóa, Sinh, Công nghệ 8;K304tr;8
Kiểm tra học kì THCS Văn, Sử, Địa, GDCD, Nhạc, Mỹ thuật 8;K304tr_1;2
Kiểm tra thường xuyên và định kì tiếng Anh lớp 9 (Theo chương trình tiếng Anh mới);K304tr_2;1
Kiểm tra trắc nghiệm Ngữ văn 6;K304tr_3;8
Kiểm tra trắc nghiệm Ngữ văn 7;K304tr_4;10
Kiểm tra trắc nghiệm Ngữ văn 8;K304tr_5;12
Kiểm tra trắc nghiệm Ngữ văn 9;K304tr_6;12
Kiểm tra trắc nghiệm tiếng Anh lớp 6;K304tr_7;9
Kiểm tra trắc nghiệm tiếng Anh lớp 7;K304tr_8;3
Kiểm tra trắc nghiệm tiếng Anh lớp 8;K304tr_9;5
Kiểm tra trắc nghiệm Toán 6;K304tr_10;3
Kiểm tra trắc nghiệm Toán 7;K304tr_11;14
Kiểm tra trắc nghiệm Toán 8;K304tr_12;4
Kiểm tra trắc nghiệm Toán 9;K304tr_13;1
Kiến thức - kĩ năng cơ bản tập làm văn THCS;K305th;15
Kiến thức cơ bản bài tập trắc nghiệm Địa lí 7;K305th_1;9
Kiến thức cơ bản Toán song ngữ Anh - Việt số học 6;K305th_2;15
Kiến thức cơ bản toán song ngữ Anh việt 6;K305th_3;4
Kiến thức cơ bản Toán, song ngữ, Anh việt số học 6;K305th_4;2
Kiến thức cơ bản và bài tập trắc nghiệm Địa lí 7;K305th_5;8
Kiến thức- Kn-Cơ bản tập làm văn THCS;K305th_6;6
Kiến thức Lịch sử 6;K305th_7;14
Kiến thức ngày nay;K305th_8;16
Kiến thức Sinh học nâng cao  7;K305th_9;10
Kiến thức Sinh học nâng cao 7;K305th_10;2
Kiến Thức Sinh Học Nâng Cao 7;K305th_11;2
KTCB và BT Trắc Nghiệm Địa Lý 7;Kv;13
Kỷ  thuật điện;K600th;10
Kỹ thuật điện;K600th_1;5
Kỹ thuật nấu ăn toàn tập;K600th_2;7
Ký ức xôn xao;K600u;13
Làm chủ kiến thức toán 6 với sơ đồ tư duy;L104ch;1
Làm chủ kiến thức toán 7 với sơ đồ tư duy;L104ch_1;8
Làm chủ kiến thức toán 8 với sơ đồ tư duy;L104ch_2;11
Làm chủ kiến thức toán 9 với sơ đồ tư duy;L104ch_3;3
Làm quen với toán;L104qu;2
Làm toán đâu có khó;L104t;4
Làm toán đâu có khó;L104t_1;10
Làm văn nghị luận;L104v;12
Làn da khỏe đẹp;L105d;5
Làn da khỏe đẹp;L105d_1;14
Làng mình;L106m;6
Làng mình;L106m_1;13
Làng nhỏ;L106nh;16
Làng nhỏ;L106nh_1;9
Lắp Đặt Mang Điện GĐ;L117d;14
Lắp đặt mạng điện gia đình;L117đ;13
Lễ hội mùa xuân;L250h;1
Lênh đi giành lại đàn NDRING;L256d;13
Lịch lãm trong xã giao;L302l;3
Lich sử 6;L302s;15
Lịch sử 6;L302s_1;4
Lịch sử 6;L302s_2;5
Lịch sử 6 -7 (Tài liệu giáo dục địa phương Hải Phòng);L302s_3;3
Lịch sử 6- 7 (Tài liệu giáo dục địa phương tỉnh Hà Giang);L302s_4;15
Lịch sử 6 -7 (Tài liệu giáo dục địa phương tỉnh Phú Thọ);L302s_5;7
Lịch sử 6- 7 (Tài liệu giáo dục địa phương tỉnh Tuyên Quang);L302s_6;9
Lịch sử 6, sách giáo viên;L302s_7;12
Lịch sử 6-7 (Tài liệu giáo dục địa phương tỉnh Ninh Bình);L302s_8;5
Lich sử 7;L302s_9;5
Lịch Sử 7;L302s_10;10
Lịch sử 7, sách giáo viên;L302s_11;1
Lịch Sử 8;L302s_12;10
Lịch sử 8;L302s_13;5
Lịch Sử 8;L302s_14;3
Lịch sử 8 - 9 (Tài liệu giáo dục địa phương tỉnh Ninh Bình);L302s_15;3
Lịch sử 8 - 9 (Tài liệu giáo dục địa phương tỉnh Phú thọ);L302s_16;12
Lịch sử 8 - SGV;L302s_17;16
Lịch sử 8 -9 (Tài liệu giáo dục địa phương Hải Phòng);L302s_18;7
Lịch sử 8- 9 (Tài liệu giáo dục địa phương tỉnh Hà Giang);L302s_19;11
Lịch sử 8- 9 (Tài liệu giáo dục địa phương tỉnh Tuyên Quang);L302s_20;5
Lịch sử 8, sách giáo viên;L302s_21;6
Lịch Sử 9;L302s_22;13
Lịch Sử 9;L302s_23;8
Lịch Sử 9;L302s_24;11
Lịch Sử 9 - SGV;L302s_25;11
Lịch Sử 9 (bài tập);L302s_26;3
Lịch sử 9, sách giáo viên;L302s_27;2
Lịch sử Đà Nẵng (Sách dành cho học sinh Trung học cơ sở);L302s_28;13
Lịch sử địa phương - Sách giáo viên (Sách dùng trong các trường Trung học cơ sở tỉnh Thanh Hóa);L302s_29;14
Lịch sử địa phương Sóc Trăng (Tài liệu dạy – học tại các trường THCS và THPT thuộc tỉnh Sóc Trăng);L302s_30;4
Lịch sử địa phương tỉnh Đồng Nai (Tài liệu sử dụng trong các trường THCS tỉnh Đồng Nai);L302s_31;12
Lịch sử địa phương tỉnh Quảng Ninh (sách dùng trong trường THCS);L302s_32;15
Lịch sử địa phương Trà Vinh;L302s_33;2
Lịch Sử địa phương Trà Vinh;L302s_34;2
Lịch sử địa phương Trà Vinh;L302s_35;3
Lịch Sử địa phương Trà Vinh;L302s_36;11
Lịch sử Đông Nam Á;L302s_37;14
Lịch sử tìm ra năng lượng nguyên tử;L302s_38;1
Lịch sử Trung học cơ sở - Tài liệu giáo dục địa phương Ninh Bình (Dành cho giáo viên);L302s_39;5
Lịch sử và địa lí 6 - SGV;L302s_40;9
LỊch sử và Địa lí 6 ( Chân trời sáng tạo);L302s_41;1
Lịch sử và Địa lí 6 (Chân trời sáng tạo);L302s_42;4
Lịch Sử Và Địa Lí 6 (CTST);L302s_43;10
Lịch sử và Địa lí 6 (CTST);L302s_44;10
Lịch sử và địa lí 6 (CTST);L302s_45;16
Lịch Sử và địa lí 6( chân trời sáng tạo);L302s_46;16
Lịch sử và địa lí 6-SGV  (Chân trời sáng tạo);L302s_47;5
LỊch sử và Địa lí 7 ( Chân trời sáng tạo);L302s_48;16
Lịch sử và Địa lí 7 (Chân trời sáng tạo);L302s_49;15
Lịch sử và Địa lí 7 (CTST);L302s_50;4
Lịch sử và Địa lí 7 (CTST);L302s_51;14
Lịch sử và địa lí 7-SGV  (Chân trời sáng tạo);L302s_52;12
Lịch sử và địa lí 8 (chân trời sáng tạo);L302s_53;4
Lịch sử và Địa lí 8 (CTST);L302s_54;11
Lịch sử và Địa lí 8 (CTST);L302s_55;15
Lịch sử và Địa lí 8 -SGV  (Chân trời sáng tạo);L302s_56;3
Lịch sử và Địa lí 8(Chân trời sáng tạo);L302s_57;15
Lịch sử và Địa lí 9 (Cánh Diều);L302s_58;4
Lịch sử và Địa lí 9 (Chân trời sáng tạo);L302s_59;16
Lịch sử và Địa lí 9 (CTST);L302s_60;5
Lịch sử và Địa lí 9 (CTST);L302s_61;14
Lịch sử và Địa lí 9 (CTST);L302s_62;12
Lịch sử và Địa lí 9 (CTST) - SGV;L302s_63;6
Lịch sử và Địa lí 9 (CTST)-SGV;L302s_64;11
Lịch sử và Địa lí 9 (Kết nối tri thức);L302s_65;13
Lịch sự và tôn trọng;L302s_66;16
Lịch sự và tôn trọng;L302s_67;11
Lịch sử( sgv) 9;L302s_68;15
Lift-The-flap-Luật mở khám phá (Tìm hiểu kiến thức qua những miếng lật);Lm;8
Lính Trường Sơn Kể chuyện Trường Sơn ;L312tr;8
Lô tô khám phá chủ đề Quê hương – Đất nước – Bác Hồ;L450t;15
Lời nói gián tiếp trong tiếng anh;L462n;13
Lời nói gián tiếp trong tiếng Anh;L462n_1;11
Lômônôxôp;L;10
Lômônôxôp;L_1;15
Lòng nhân ái;L431nh;2
Lớp học cuối cùng;L466h;9
Lớp học cuối cùng;L466h_1;12
Luật công đoàn;L504c;4
Luật dân sự;L504d;8
Luật giáo dục;L504gi;12
Luật giáo dục;L504gi_1;13
Luật giáo dục và nghị định qui định chi tiết hướng dẫn thi hành;L504gi_2;2
Luật giáo dục và nghị định,quy định chi tiết hướng dẫn thi hành;L504gi_3;3
Luật phòng chống ma túy và PCMT trong nhà trường;L504ph;14
Luật phòng chống ma túy và phòng chống ma túy trong nhà trường;L504ph_1;2
Luật viên chức;L504v;7
Luật viên chức;L504v_1;14
Lưng túi chuyện đời;L556t;12
Lược khảo kinh nghiệm đào tạo nhân tài;L557kh;2
Lược sử đông nam á;L557s;15
Luôn cảnh giác với người lạ;L517c;16
Luôn cảnh giác với người lạ;L517c_1;1
Luyện giải và ôn tập Toán 6;L527gi;1
Luyện nghe tiếng Anh;L527ngh;7
Luyện tập cuối tuần môn Ngữ văn lớp 6 - Tập hai;L527t;7
Luyện tập cuối tuần môn Ngữ văn lớp 6 - Tập một;L527t_1;16
Luyện tập cuối tuần môn Ngữ văn lớp 7 - Tập hai;L527t_2;16
Luyện tập cuối tuần môn Ngữ văn lớp 7 - Tập một;L527t_3;14
Luyện tập cuối tuần môn Ngữ văn lớp 8 - Tập hai;L527t_4;13
Luyện tập cuối tuần môn Ngữ văn lớp 8 - Tập một;L527t_5;14
Luyện tập cuối tuần môn Ngữ văn lớp 9 - Tập hai;L527t_6;5
Luyện tập cuối tuần môn Ngữ văn lớp 9 - Tập một;L527t_7;13
Luyện tập cuối tuần môn Tiếng Anh lớp 6 -Tập hai;L527t_8;12
Luyện tập cuối tuần môn Tiếng Anh lớp 6 -Tập một;L527t_9;13
Luyện tập cuối tuần môn Tiếng Anh lớp 7 -Tập hai;L527t_10;9
Luyện tập cuối tuần môn Tiếng Anh lớp 7 -Tập một;L527t_11;11
Luyện tập cuối tuần môn Tiếng Anh lớp 8 -Tập hai;L527t_12;11
Luyện tập cuối tuần môn Tiếng Anh lớp 8 -Tập một;L527t_13;13
Luyện tập cuối tuần môn Tiếng Anh lớp 9 -Tập hai;L527t_14;16
Luyện tập cuối tuần môn Tiếng Anh lớp 9 -Tập một;L527t_15;10
Luyện tập cuối tuần môn Toán lớp 6 - Tập hai;L527t_16;13
Luyện tập cuối tuần môn Toán lớp 6 - Tập một;L527t_17;12
Luyện tập cuối tuần môn Toán lớp 7 - Tập hai;L527t_18;1
Luyện tập cuối tuần môn Toán lớp 7 - Tập một;L527t_19;10
Luyện tập cuối tuần môn Toán lớp 8 - Tập hai;L527t_20;1
Luyện tập cuối tuần môn Toán lớp 8 - Tập một;L527t_21;4
Luyện tập cuối tuần môn Toán lớp 9 - Tập hai;L527t_22;14
Luyện tập cuối tuần môn Toán lớp 9 - Tập một;L527t_23;11
Luyện tập Lịch sử 6;L527t_24;6
Luyện tập Ngữ văn 6 - Tập hai;L527t_25;10
Luyện tập Ngữ văn 6 - Tập một;L527t_26;2
Luyện tập Sinh học 6;L527t_27;9
Luyện tập Tiếng Anh 6;L527t_28;9
Luyện tập Tiếng Anh 9 – Tập 1 (Theo chương trình mới);L527t_29;11
Luyện tập Tiếng Anh 9 – Tập 1 (Theo chương trình mới);L527t_30;13
Luyện tập Tiếng Anh 9 – Tập 2 (Theo chương trình mới);L527t_31;9
Luyện tập Tiếng Anh 9 – Tập 2 (Theo chương trình mới);L527t_32;7
Luyện tập Toán 6 - Tập 2;L527t_33;11
Luyện tập Toán 6 - Tập một;L527t_34;2
Lý Công Uẩn;L600c;11
Lý Cổng Uẩn;L600c_1;4
Lý Nam Đế;L600n;5
Mái ấm gia đình- Tập 6;M103a;2
Mái ấm gia đình- Tập 7;M103a_1;15
Mãi mãi đi theo con đường chủ tịch Hồ Chí Minh;M103m;1
Mãi mãi đi theo con đường Chủ tịch Hồ Chí Minh đã lựa chọn;M103m_1;6
Mãi mãi đi theo con đường HCM đã lựa chọn;M103m_2;16
Mầm cây tìm cội;M120c;2
Mầm cây tìm cội;M120c_1;3
Mari Quyri;Mqu;16
MARI QUYRI;Mqu_1;4
Mặt trời hóa giải mọi người;M118tr;9
Mặt trời hòa giải mọi người;M118tr_1;2
Math in my world 4;Mi;9
Mê cung kỳ bí;M250c;7
Mê cung kỳ bí;M250c_1;14
Mĩ thuật 6 - SGV;M300th;5
Mĩ thuật 6 - SGV (Chân trời sáng tạo);M300th_1;6
Mĩ thuật 6 ( Chân trời sáng tạo );M300th_2;11
Mĩ thuật 6 (Chân trời sáng tạo);M300th_3;11
Mĩ thuật 6 (Chân trời sáng tạo) - SGV;M300th_4;13
Mĩ Thuật 6 (CTST);M300th_5;5
Mĩ thuật 6 (CTST);M300th_6;9
Mĩ thuật 6 (CTST);M300th_7;11
Mĩ Thuật 6( chân trời sáng tạo);M300th_8;10
Mĩ thuật 6, sách giáo viên;M300th_9;13
Mĩ thuật 7  - Bản 1 (Chân trời sáng tạo);M300th_10;14
Mĩ thuật 7 (Cánh diều);M300th_11;13
Mĩ thuật 7 (Chân trời sáng tạo 1);M300th_12;15
Mĩ thuật 7 (Chân trời sáng tạo 2);M300th_13;7
Mĩ thuật 7 (Chân trời sáng tạo) - Bản 1;M300th_14;10
Mĩ thuật 7 (CTST);M300th_15;13
Mĩ thuật 7 (CTST);M300th_16;7
Mĩ thuật 7 (Kết nối tri thức với cuộc sống);M300th_17;5
Mĩ Thuật 7- SGV (Chân trời sáng tạo);M300th_18;12
Mĩ thuật 7, sách giáo viên;M300th_19;3
Mĩ Thuật 8;M300th_20;5
Mĩ thuật 8 - bản 1 (chân trời sáng tạo);M300th_21;9
Mĩ thuật 8 - SGV;M300th_22;5
Mĩ Thuật 8 - SGV (Chân trời sáng tạo);M300;12
Mĩ thuật 8 (CTST);M300th_23;15
Mĩ thuật 8 (Kết nối tri thức);M300th_24;13
Mĩ thuật 8 bản 2 (Chân trời sáng tạo);M300th_25;4
Mĩ thuật 8(Chân trời sáng tạo);M300th_26;3
Mĩ thuật 8, sách giáo viên;M300th_27;12
Mĩ thuật 9 - SGV;M300th_28;7
Mĩ thuật 9 (cánh Diều);M300th_29;10
Mĩ thuật 9 (Chân trời sáng tạo) - Bản 1;M300th_30;9
Mĩ thuật 9 (Chân trời sáng tạo) - Bản 2;M300th_31;5
Mĩ thuật 9 (CTST);M300th_32;1
Mĩ thuật 9 (Kết nối tri thức);M300th_33;4
Mĩ Thuật 9(sgv);M300th_34;11
Mĩ thuật 9, sách giáo viên;M300th_35;15
Mình đã lớn rồi;M312d;15
Mình đã lớn rồi;M312đ;14
Mô hình giáo dục song ngữ trên cơ sở tiếng mẹ đẻ ở Việt Nam - Những vấn đề lí luận và thực tiễn (Tài liệu tham khảo);M450h;8
Mở rộng vốn từ và đọc hiểu Tiếng anh 9;M460r;6
Mở rộng vốn từ, đọc hiểu Tiếng anh 9;M460r_1;4
Môi trường và sự bảo tồn;M452tr;13
Môi trường và sự bảo tồn;M452tr_1;9
Một bát mèn mén;M458b;9
Một bát mèn mén;M458b_1;8
Một đêm thao thức;M458d;7
Một đêm thao thức;M458đ;14
Một số kiến thức kĩ năng và bài tập nâng cao Ngữ văn 9;M458s;13
Một số v đề về đổi mới PPDH ở THCS Toán 7;M458s_1;11
Một số vấn đề cơ bản và hiện đại của cơ học;M458s_2;3
Một số vấn đề cơ bản và hiện đại của cơ học;M458s_3;6
Một số vấn đề cơ bản và hiện đại về điện học;M458s_4;16
Một số Vấn Đề cơ bản và Hiện Đại Về Quang Học;M458s_5;14
Một số vấn đề cơ bản và hiện đại về quang học;M458s_6;13
Một số vấn đề cơ bản về điện học;M458s_7;12
Một số Vấn Đề cơ bản về GDDS;M458s_8;8
Một số vấn đề cơ bản về giáo dục dân số;M458s_9;5
Một số vấn đề cơ bản về giáo dục dân số;M458s_10;6
Một số Vấn Đề cơ sở của KT chăn nuôi;M458s_11;13
Một số vấn đề cơ sở của Kỹ thuật chăn nuôi;M458s_12;14
Một số vấn đề đổi mới phương pháp dạy học  môn tiếng Nga;M458s_13;8
Một số vấn đề đổi mới phương pháp dạy học  môn vật lí,hóa học,sinh học,công nghệ;M458s_14;15
Một số vấn đề đổi mới phương pháp dạy học môn Âm nhạc THCS;M458s_15;2
Một số vấn đề đổi mới phương pháp dạy học môn âm nhạc THCS;M458s_16;2
Một số vấn đề đổi mới phương pháp dạy học môn Công nghệ THCS;M458s_17;9
Một số vấn đề đổi mới phương pháp dạy học môn công nghệ THCS;M458s_18;10
Một số vấn đề đổi mới phương pháp dạy học môn địa lí,lịch sử,GDCD;M458s_19;16
Một số vấn đề đổi mới phương pháp dạy học môn hóa học THCS;M458s_20;15
Một số vấn đề đổi mới phương pháp dạy học môn Lịch sử THCS;M458s_21;2
Một số vấn đề đổi mới phương pháp dạy học môn Ngữ văn;M458s_22;16
Một số vấn đề đổi mới phương pháp dạy học môn ngữ văn THCS;M458s_23;10
Một số vấn đề đổi mới phương pháp dạy học môn Thể dục THCS;M458s_24;5
Một số vấn đề đổi mới phương pháp dạy học môn Tiếng Anh - tiếng Nga - tiếng Pháp - tiếng Trung Quốc THCS;M458s_25;14
Một số vấn đề đổi mới phương pháp dạy học môn tiếng Nga THCS;M458s_26;15
Một số vấn đề đổi mới phương pháp dạy học môn Toán;M458s_27;6
Một số vấn đề đổi mới phương pháp dạy học môn Toán THCS;M458s_28;12
Một số vấn đề đổi mới phương pháp dạy học ở trường  THCS( lý, hóa, sinh, công nghệ);M458s_29;5
Một số vấn đề đổi mới phương pháp dạy học ở trường  THCS(môn tiếng Anh, Nga, Pháp, Trung Quốc);M458s_30;6
Một số vấn đề đổi mới phương pháp dạy học ở trường THCS  môn lịch sử;M458s_31;6
Một số vấn đề đổi mới phương pháp dạy học ở trường THCS  môn mĩ thuật,âm nhạc,thể dục1;M458s_32;6
Một số vấn đề đổi mới phương pháp dạy học ở trường THCS môn Địa, Sử, GDCD lớp 7;M458s_33;6
Một số vấn đề đổi mới phương pháp dạy học ở trường THCS môn Mĩ Thuật, âm nhạc, Thể dục;M458s_34;14
Một số vấn đề đổi mới phương pháp dạy học ở trường THCS môn Mĩ Thuật, âm nhạc, Thể dục ( lớp 7);M458s_35;9
Một số vấn đề đổi mới phương pháp dạy học ở trường THCS môn Sinh học;M458s_36;15
Một số vấn đề đổi mới phương pháp dạy học ở trường THCS môn Tiếng Pháp;M458s_37;6
Một số vấn đề đổi mới phương pháp dạy học ở trường THCS môn Vật lý;M458s_38;14
Một số vấn đề đổi mới phương pháp dạy học ở trường THCS mônvật lý THCS;M458s_39;1
Một số Vấn Đề đổi mới pp dạy học ở THCS môn Công nghệ;M458s_40;11
Một số Vấn Đề đổi mới pp dạy học ở THCS môn Địa lí;M458s_41;7
Một số Vấn Đề đổi mới pp dạy học ở THCS môn Lịch Sử;M458s_42;4
Một số Vấn Đề đổi mới pp dạy học ở THCS môn Ngữ văn;M458s_43;1
Một số Vấn Đề đổi mới pp dạy học ở THCS môn Thể dục;M458s_44;4
Một số Vấn Đề đổi mới pp dạy học ở THCS môn Tiếng Anh;M458s_45;1
Một số Vấn Đề đổi mới pp dạy học ở THCS môn Tiếng Anh- Tiếng Nga-pháp -Trung;M458s_46;10
Một số Vấn Đề đổi mới pp dạy học ở THCS môn Tiếng Nga;M458s_47;5
Một số Vấn Đề đổi mới pp dạy học ở THCS môn Toán;M458s_48;15
Một số vấn đề đổi mới PPDH môn Địa lí THCS;M458s_49;4
Một số vấn đề đổi mới ppdh môn GDCD THCS;M458s_50;16
Một số vấn đề đổi mới PPDH môn Hóa học THCS;M458s_51;11
Một số vấn đề đổi mới PPDH môn Lịch sử THCS;M458s_52;16
Một số vấn đề đổi mới PPDH môn Ngữ văn THCS;M458s_53;3
Một số vấn đề đổi mới PPDH môn Tiếng anh  THCS;M458s_54;3
Một số vấn đề đổi mới PPDH môn Tiếng Nga THCS;M458s_55;14
Một số vấn đề đổi mới PPDH môn Tiếng Pháp  THCS;M458s_56;5
Một số vấn đề đổi mới PPDH môn Toán  THCS;M458s_57;16
Một số vấn đề đổi mới PPDH môn Vật lí THCS;M458s_58;1
Một số vấn đề đổi mới PPDH ở trường THCS môn tiếng Anh, tiếng Nga, tiếng Pháp, tiếng Trung Quốc;M458s_59;1
Một số vấn đề về ĐMPPDH THCS Môn Ngữ Văn Lớp 7;M458s_60;6
Một số vấn đề về ĐMPPDH THCS Môn Vật Lý - Sinh học - Công nghệ 7;M458s_61;1
Một số vấn đề về đổi mới phương pháp dạy học ở trường THCS môn Địa lí - Lịch sử - GDCD;M458s_62;8
Một số vấn đề về đổi mới phương pháp dạy học ở trường THCS môn Mĩ thuật - Âm nhạc - Thể dục;M458s_63;14
Một số vấn đề về đổi mới phương pháp dạy học ở trường THCS môn Ngữ văn;M458s_64;6
Một số vấn đề về đổi mới phương pháp dạy học ở trường THCS môn Toán;M458s_65;7
Một số vấn đề về đổi mới phương pháp dạy học ở trường trung học cơ sở môn Ngữ văn lớp 8;M458s_66;10
Một số vấn đề về đổi mới PPDH môn Sinh học THCS;M458s_67;4
Một số vấn đề về đổi mới PPDH ở trường THCS môn Địa lí - Lịch sử - GDCD;M458s_68;1
Một số vấn đề về đổi mới PPDH ở trường THCS môn Mĩ thuật, Âm nhạc, Thể dục  lớp 7;M458s_69;8
Một số vấn đề về đổi mới PPDH ở Trường THCS môn Mĩ thuật, Âm nhạc, Thể dục lớp 8;M458s_70;2
Một số vấn đề về đổi mới PPDH ở trường THCS môn Ngữ văn lớp 7;M458s_71;7
Một số vấn đề về đổi mới PPDH ở trường THCS môn vật lí - Hóa học - Sinh học - Công nghệ;M458s_72;5
Một số vấn đề về đổi mới PPDH ở trường THCS môn Vật lí, Sinh học, Công nghệ lớp 7;M458s_73;2
Một số vấn đề về phòng học bộ môn;M458s_74;5
Một số vấn đề về phòng học bộ môn;M458s_75;10
Một số vấn đề về phòng học bộ môn;M458s_76;11
Một thời đại mới trong văn học;M458th;7
Một thời đại mới trong văn học;M458th_1;10
Mùa châu chấu;M501ch;1
Mùa châu chấu ;M501ch_1;7
Mùa hoa lù cù;M501h;10
Mùa săn ở Na Le;M501s;6
Mùa săn ở na le;M501s_1;5
Mục tiêu chiến lược cải cách đổi mới quản lý tài chính ngành GDDT;M506t;9
Mục tiêu chiến lược cải cách đổi mới quản lý tài chính ngành GDĐT;M506t_1;8
Mười điều tạo nên số phận;M558đ;8
Mười vạn câu hỏi vì sao tri thức thế kỉ 21 Động vật;M558v;10
Mười vạn câu hỏi vì sao tri thức thế kỉ 21 khoa học công trinh;M558v_1;12
Mười vạn câu hỏi vì sao tri thức thế kỉ 21 Thực vật;M558v_2;4
Mười vạn câu hỏi vì sao, bí ẩn bầu trời sao?;M558v_3;4
Mười vạn câu hỏi vì sao, Thám hiểm vũ trụ thần bí;M558v_4;15
Muốn viết được bài văn hay;M517v;15
Mưu lược Chu Dung Cơ;M566l;4
Mưu lược Chu Dung Cơ;M566l_1;7
Mỹ Thuật 7;M600th;16
Mỹ Thuật 8;M600th_1;16
Mỹ Thuật 9;M600th_2;2
Nam Cao;N104c;13
Nam Cao - những tác phẩm tiêu biểu trước 1945;N104c_1;8
Nam Cao nhà văn và tác phẩm trong nhà trường;N104c_2;13
Nam Cao những tác phẩm tiêu biểu trước 1945;N104c_3;14
Nam Cao những tác phẩm tiêu biểu trước 1945;N104c_4;15
Nam Cao và những truyện ngắn chọn lọc;N104c_5;14
Nam Cao và những truyện ngắn chọn lọc;N104c_6;6
Nâng cao hiệu quả  sử dụng thiết bị dạy học và tài liệu hỗ trợ;N122c;6
Nâng cao hiệu quả sử dụng TB dạy học…;N122c_1;13
Nâng cao hiệu quả sử dụng thiết bị dạy học và tài liệu bổ trợ thông qua phương pháp dạy học tích cực;N122c_2;4
Nâng cao sinh học 8;N122c_3;4
Nàng công chúa nhỏ;N106c;14
Nàng công chúa nhỏ;N106c_1;5
Nấu ăn toàn tập;N125a;6
Nấu Ăn( dạy nghề THCS cho Hs ngắn hạn);N125a_1;4
Nên học toán thế nào cho tốt;N254h;11
Nên học toán thế nào cho tốt;N254h_1;14
Nẻo về vạn kiếp;N205v;1
Ngành du lịch;NG107d;16
Ngành du lịch;NG107d_1;12
Ngày em vào đội;NG112e;6
Nghành du lịch;NGH107d;14
Nghề báo;NGH250b;15
Nghề Báo;NGH250b_1;4
Nghề bộ đội;NGH250b_2;9
Nghề cắt may;NGH250c;15
Nghề Cắt May;NGH250c_1;6
Nghề cắt may;NGH250c_2;13
Nghề đan lát;NGH250d;12
Nghề đan lát;NGH250đ;11
Nghề dệt thổ cẩm;NGH250d_1;16
Nghề dệt thổ cẩm;NGH250d_2;3
Nghề dệt thổ cẩm;NGH250d_3;13
Nghề điện dân dụng;NGH250đ_1;3
Nghề điện dân dụng ;NGH250d_4;6
Nghề điện dân dụng (dùng cho học sinh Trung học cơ sở thành phố Hải Phòng);NGH250đ_2;14
Nghề dược;NGH250d_5;5
Nghề dược;NGH250d_6;10
Nghề Kế toán;NGH250k;3
Nghề Kế Toán;NGH250k_1;6
Nghề làm vườn;NGH250l;13
Nghề nuôi gia cầm;NGH250n;8
Nghề nuôi gia cầm;NGH250n_1;8
Nghề nuôi thú y;NGH250n_2;14
Nghé ọ ơi;NGH200o;3
Nghề thêu;NGH250th;3
Nghề thêu;NGH250th_1;4
Nghề thêu Rua;NGH250th_2;1
Nghề thiêu;NGH250th_3;16
Nghề thú y;NGH250th_4;12
Nghề tin học ứng dụng;NGH250t;2
Nghề tin học ứng dụng;NGH250t_1;10
Nghề tin học văn phòng (dùng cho học sinh Trung học cơ sở thành phố Hải Phòng);NGH250t_2;12
Nghiên cứu kế hoạch sản phẩm ứng dụng;NGH305c;2
Nghiên cứu khoa học sư phạm ứng dụng;NGH305c_1;1
Ngô Tất Tố;NG450t;8
Ngô Tất Tố tác giả tác phẩm;NG450t_1;14
Ngô Tất Tố và Tắt đèn;NG450t_2;6
Ngô Tất Tố về tác gia tác phẩm;NG450t_3;3
Ngô Tất Tố về tác giả và tác phẩm;NG450t_4;11
Ngô Tất Tố- Vũ Trọng Phụng…;NG450t_5;14
Ngôi đền của mế vừ;NG452d;14
Ngôi mộ trống trên đồng hoang;NG452m;9
Ngôi mộ trống trên đồng hoang;NG452m_1;3
Ngôi sao xanh;NG452s;4
Ngôi trường mọi khi;NG452tr;2
Ngôi trường mọi khi;NG452tr_1;4
Ngôn ngữ lập trình PASCAL;NG454ng;12
Ngôn Ngữ Lập Trình Pascal;NG454ng_1;7
Ngữ pháp BT nâng cao Tiếng Anh 8;NG550ph;8
Ngữ pháp tiếng Anh theo chuyên đề : Lý thuyết và bài tập thực hành, tập 1;NG550ph_1;10
Ngữ pháp tiếng Anh theo chuyên đề : Lý thuyết và bài tập thực hành, tập 2;NG550ph_2;7
Ngữ pháp và bài tập nâng cao Tiếng anh 8;NG550ph_3;9
Ngữ Văn (tập 1);NG550v;9
Ngữ văn 6 - 7 (Chương trình địa phương tỉnh Hưng Yên);NG550v_1;11
Ngữ văn 6 - 7 (Tài liệu giáo dục địa phương Hải Phòng);NG550v_2;9
Ngữ văn 6 - 7 (Tài liệu giáo dục địa phương tỉnh Lào Cai);NG550v_3;16
Ngữ văn 6 - Tập 1 - SGV;NG550v_4;5
Ngữ văn 6 - Tập 1 ( Chân trời sáng tạo );NG550v_5;5
Ngữ văn 6 - Tập 1 (Cánh diều);NG550v_6;15
Ngữ văn 6 - Tập 2 - SGV;NG550v_7;1
Ngữ văn 6 - Tập 2 ( Chân trời sáng tạo );NG550v_8;6
Ngữ văn 6 - Tập 2 (Cánh diều);NG550v_9;5
Ngữ văn 6 (Cánh Diều) - SGv - Tập 1;NG550v_10;1
Ngữ văn 6 (Cánh Diều) - SGv - Tập 2;NG550v_11;13
Ngữ văn 6 (CTST) - Tập 1;NG550v_12;1
Ngữ văn 6 (CTST) - Tập 1;NG550v_13;12
Ngữ văn 6 (CTST) - Tập 2;NG550v_14;5
Ngữ văn 6 (CTST) - Tập 2;NG550v_15;8
Ngữ văn 6 -7 (Tài liệu giáo dục địa phương tỉnh Ninh Bình);NG550v_16;16
Ngữ văn 6 -7 (Tài liệu giáo dục địa phương tỉnh Phú Thọ);NG550v_17;10
Ngữ Văn 6 nâng cao;NG550v_18;1
Ngữ văn 6 tâp 1;NG550v_19;15
Ngữ Văn 6 tập 1;NG550v_20;1
Ngữ Văn 6 Tập 1;NG550v_21;12
Ngữ Văn 6 tập 1 ( Cánh diều);NG550v_22;14
Ngữ văn 6 tập 1 SGV (Chântrời sáng tạo);NG550v_23;6
Ngữ văn 6 tập 1( cánh diều);NG550v_24;15
Ngữ Văn 6 tập 2;NG550v_25;15
Ngữ văn 6 tập 2;NG550v_26;16
Ngữ Văn 6 Tập 2;NG550v_27;6
Ngữ Văn 6 tập 2 ( Cánh diều);NG550v_28;6
Ngữ văn 6 tập 2 SGV (Chântrời sáng tạo);NG550v_29;8
Ngữ văn 6 tập 2( cánh diều);NG550v_30;9
Ngữ văn 6, 7 (Chương trình địa phương tỉnh Thanh Hóa - Sách giáo viên);NG550v_31;10
Ngữ văn 6, tập 1;NG550v_32;15
Ngữ văn 6, tập 1, sách giáo viên;NG550v_33;6
Ngữ văn 6, tập 2;NG550v_34;2
Ngữ văn 6, tập 2, sách giáo viên;NG550v_35;10
Ngữ Văn 7 - Tập 1;NG550v_36;12
Ngữ Văn 7 - Tập 1 (Cánh diều);NG550v_37;12
Ngữ văn 7 - tập 1 (Chân trời sáng tạo);NG550v_38;6
Ngữ Văn 7 - Tập 1 (Kết nối tri thức với cuộc sống);NG550v_39;1
Ngữ Văn 7 - Tập 2;NG550v_40;13
Ngữ Văn 7 - Tập 2 (Cánh diều);NG550v_41;12
Ngữ văn 7 - tập 2 (Chân trời sáng tạo);NG550v_42;10
Ngữ Văn 7 - Tập 2 (Kết nối tri thức với cuộc sống);NG550v_43;6
Ngữ Văn 7 (Chân trời sáng tạo) - Tập 1;NG550v_44;12
Ngữ văn 7 (Chân trời sáng tạo) - Tập 2;NG550v_45;9
Ngữ văn 7 (CTST) - Tập 1;NG550v_46;5
Ngữ văn 7 (CTST) - Tập 1;NG550v_47;6
Ngữ văn 7 (CTST) - Tập 2;NG550v_48;5
Ngữ văn 7 (CTST) - Tập 2;NG527th;11
Ngữ văn 7 nâng cao;NG550v_49;9
Ngữ Văn 7 tập 1;NG550v_50;11
Ngữ Văn 7 tập 2;NG550v_51;15
Ngữ văn 7, tập 1;NG550v_52;6
Ngữ văn 7, tập 1, sách giáo viên;NG550v_53;15
Ngữ văn 7, tập 2;NG550v_54;2
Ngữ văn 7, tập 2, sách giáo viên;NG550v_55;8
Ngữ văn 8 - 9 (Chương trình địa phương tỉnh Hưng Yên);NG550v_56;15
Ngữ văn 8 - 9 (Tài liệu giáo dục địa phương Hải Phòng);NG550v_57;1
Ngữ văn 8 - 9 (Tài liệu giáo dục địa phương tỉnh Lào Cai);NG550v_58;8
Ngữ văn 8 - 9 (Tài liệu giáo dục địa phương tỉnh Ninh Bình);NG550v_59;13
Ngữ văn 8 - 9 (Tài liệu giáo dục địa phương tỉnh Phú Thọ);NG550v_60;6
Ngữ Văn 8  Tập 1;NG550v_61;13
Ngữ văn 8 - tập 1- SGV (Chân trời sáng tạo);NG550v_62;2
Ngữ Văn 8  Tập 2;NG550v_63;1
Ngữ Văn 8 ( tập 2);NG550v_64;6
Ngữ văn 8 (Chân trời sáng tạo) - Tập 1;;6
Ngữ văn 8 (Chân trời sáng tạo) - Tập 1;NG;15
Ngữ văn 8 (Chân trời sáng tạo) - Tập 2;NG550v_65;15
Ngữ văn 8 (CTST) - Tập 1;NG550v_66;12
Ngữ văn 8 (CTST) - Tập 2;NG550v_67;7
Ngữ văn 8 (CTST) - Tập 2;NG550v_68;7
Ngữ văn 8 (Kết nối tri thức) - Tập 1;NG550v_69;1
Ngữ văn 8 (Kết nối tri thức) - Tập 2;NG550v_70;8
Ngữ văn 8 )CTST) - Tập 1;NG550v_71;8
Ngữ văn 8 Nâng cao;NG550v_72;5
Ngữ văn 8 SGV (Chân trời sáng tạo) - Tập 1;NG550v_73;7
Ngữ Văn 8 tập 1;NG550v_74;15
Ngữ văn 8 -Tập 1 - SGV;NG550v_75;10
Ngữ Văn 8 tập 2;NG550v_76;8
Ngữ văn 8 -Tập 2 - SGV;NG550v_77;4
Ngữ văn 8(Chân trời sáng tạo) - Tập 1;NG550v_78;16
Ngữ văn 8(Chân trời sáng tạo) - Tập 2;NG550v_79;12
Ngữ văn 8, 9 (Chương trình địa phương tỉnh Thanh Hóa - Sách giáo viên);NG550v_80;9
Ngữ văn 8, tập 1;NG550v_81;9
Ngữ văn 8, tập 1, sách giáo viên;NG550v_82;9
Ngữ văn 8, tập 2;NG550v_83;8
Ngữ văn 8, tập 2, sách giáo viên;NG550v_84;9
Ngữ văn 8-tập 2-SGV (Chân trời sáng tạo);NG550v_85;3
Ngữ Văn 9 ( Tập 2) sgv;NG550v_86;8
Ngữ Văn 9 (bài tập) tập 1;NG550v_87;11
Ngữ văn 9 (bài tập) tập 2;NG550v_88;11
Ngữ văn 9 (cánh Diều);NG550v_89;6
Ngữ văn 9 (Cánh Diều) - Tập 2;NG550v_90;11
Ngữ văn 9 (Chân trời sáng tạo);NG550v_91;9
Ngữ văn 9 (chân trời sáng tạo) - Tập 1;NG550v_92;2
Ngữ văn 9 (CTST) - SGV - Tập 1;NG550v_93;3
Ngữ văn 9 (CTST) - SGV - Tập 2;NG550v_94;7
Ngữ văn 9 (CTST) - Tập 1;NG550v_95;1
Ngữ văn 9 (CTST) - Tập 2;NG550v_96;2
Ngữ văn 9 (CTST) - Tập 2;NG550v_97;2
Ngữ văn 9 (CTST) - Tập 2 -SGV;NG_1;16
Ngữ văn 9 (CTST)-SGV-Tập 1;NG550v_98;1
Ngữ văn 9 (CTST)-SGV-Tập 2;NG550v_99;4
Ngữ văn 9 (Kết nối tri thức) - Tập 1;NG550v_100;7
Ngữ văn 9 (Kết nối tri thức) - Tập 2;NG550v_101;9
Ngữ văn 9 (Tập 1) sgv;NG550v_102;7
Ngữ Văn 9 (tập 2);NG550v_103;14
Ngữ văn 9 nâng cao;NG550v_104;4
Ngữ Văn 9 tập 1;NG550v_105;9
Ngữ Văn 9 Tập 1;NG550v_106;8
Ngữ Văn 9 Tập 1;NG550v_107;5
Ngữ Văn 9 Tập 1;NG550v_108;15
Ngữ văn 9 -Tập 1 - SGV;NG550v_109;10
Ngữ Văn 9 tập 2;NG550v_110;5
Ngữ Văn 9 Tập 2;NG550v_111;1
Ngữ Văn 9 Tập 2;NG550v_112;2
Ngữ Văn 9 Tập 2;NG550v_113;4
Ngữ văn 9 -Tập 2 - SGV;NG550v_114;4
Ngữ văn 9, tập 1;NG550v_115;2
Ngữ văn 9, tập 1, sách giáo viên;NG550v_116;15
Ngữ văn 9, tập 2;NG550v_117;12
Ngữ văn 9, tập 2, sách giáo viên;NG550v_118;3
Ngữ Văn Bồi Dưỡng 9;NG550v_119;10
Ngữ văn địa phương Quảng Ninh - Tập hai (Dành cho học sinh lớp 8, 9);NG550v_120;4
Ngữ văn địa phương Quảng Ninh - Tập một (Dành cho học sinh lớp 6, 7);NG550v_121;10
Ngữ văn địa phương Sóc Trăng (Tài liệu dạy – học tại các trường THCS thuộc tỉnh Sóc Trăng);NG550v_122;13
Ngữ văn địa phương Trà Vinh;NG550v_123;5
Ngữ văn địa phương Trà Vinh;NG550v_124;7
Ngữ Văn địa phương Trà Vinh;NG550v_125;15
Ngữ văn khmer quyển 1;NG550v_126;2
Ngữ văn khmer quyển 2;NG550v_127;15
Ngữ văn khmer quyển 3;NG550v_128;16
Ngữ văn khmer quyển 4;NG550v_129;16
Ngữ văn khmer quyển 5;NG550v_130;13
Ngữ văn khmer quyển 6;NG550v_131;3
Ngữ văn khmer quyển 7;NG550v_132;1
Ngữ văn SGV 7- tập 1 (Chân trời sáng tạo);NG550v_133;12
Ngữ văn SGV 7- tập 2 (Chân trời sáng tạo);NG550v_134;10
Ngữ văn Trung học cơ sở Tài liệu giáo dục địa phương Ninh Bình (Dành cho giáo viên);NG550v_135;11
Ngữ văn và bài học nâng cao tiếng Anh 8;NG550v_136;7
Người mẹ cầm súng;NG558m;16
Người mẹ cầm súng;NG558m_1;2
Người Thông Minh giải quyết vấn đề như thế nào;NG558th;8
Người thông minh giải quyết vấn vấn đề như thế nào?;NG558th_1;4
Nguyễn Ái Quốc- Hồ Chí Minh;NG527a;8
Nguyễn Aí Quốc,Hồ Chí Minh;NG527a_1;2
Nguyễn Bỉnh Khiêm về tác gia tác phẩm;NG527b;15
Nguyễn Bỉnh Khiêm về tác giả tác phẩm;NG527b_1;14
Nguyễn Bỉnh Khiêm về tác giả và tác phẩm;NG527b_2;9
Nguyễn Bính Thanh Tâm Vũ Đình Liên;NG527b_3;10
Nguyễn Bính,Thâm Tâm,Vũ Đình Liên;NG527b_4;14
Nguyễn Công Hoan về tác gia tác phẩm;NG527c;4
Nguyễn Công Hoan về tác giả và tác phẩm;NG527c_1;16
Nguyễn Công Hoan về tác giả và tác phẩm;NG527c_2;11
Nguyễn Công Trứ- Cao Bá Quát;NG527c_3;9
Nguyễn Đình Chiểu về tác gia tác phẩm;NG527d;5
Nguyễn Đình Chiểu về tác giả tác phẩm;NG527d_1;9
Nguyễn Đình Chiểu về tác giả và tác phẩm;NG527đ;16
Nguyễn Đình Thi về tác giả tác phẩm;NG527d_2;3
Nguyễn Đình Thi về tác giả và tác phẩm;NG527đ_1;11
Nguyễn Đình Thi về tác phẩm, tác giả;NG527d_3;4
Nguyễn Du;NG527d_4;14
Nguyên Hồng những  tác phẩm tiêu biểu trước 1945;NG527h;15