fullName;email;cardNumber;password
Phạm Thanh Tùng;thanhtungph03.it@gmail.com;00001;tung111203
Nguyễn Văn A;nguyenvana@gmail.com;00002;aaa888
Trần Thị B;tranthib@gmail.com;00003;aaa888
Lê Hoàng C;lehoangc@gmail.com;00004;aaa888
Phạm Minh D;phamminhd@gmail.com;00005;aaa888
Hoàng Anh E;hoanganhe@gmail.com;00006;aaa888
Đặng Thị F;dangthif@gmail.com;00007;aaa888
Võ Thanh G;vothanhg@gmail.com;00008;aaa888
Bùi Văn H;buivanh@gmail.com;00009;aaa888
Ngô Quang I;ngoquangi@gmail.com;00010;aaa888
Lý Hải J;lyhaij@gmail.com;00011;aaa888
Dương Ngọc K;duongngock@gmail.com;00012;aaa888
Cao Thị L;caothil@gmail.com;00013;aaa888
Tống Văn M;tongvanm@gmail.com;00014;aaa888
Tạ Bảo N;tabaon@gmail.com;00015;aaa888
Vũ Hữu O;vuhuuo@gmail.com;00016;aaa888
Lâm Gia P;lamgiap@gmail.com;00017;aaa888
Nguyễn Văn Q;nguyenvanq@gmail.com;00018;aaa888
Hà Tấn R;hatansr@gmail.com;00019;aaa888
Đỗ Phương S;dophuongs@gmail.com;00020;aaa888
Trịnh Quốc T;trinhquoct@gmail.com;00021;aaa888
Tôn Nữ U;tonu.u@gmail.com;00022;aaa888
Lưu Chí V;luuchiv@gmail.com;00023;aaa888
Nguyễn Tuấn W;nguyentuanw@gmail.com;00024;aaa888
Bạch Hữu X;bachhuux@gmail.com;00025;aaa888
Dương Minh Y;duongminhy@gmail.com;00026;aaa888
Lương Văn Z;luongvanz@gmail.com;00027;aaa888
Phạm Hữu AA;phamvu.aa@gmail.com;00028;aaa888
Bùi Minh BB;buiminhbb@gmail.com;00029;aaa888
Hoàng Gia CC;hoanggiacc@gmail.com;00030;aaa888
Trần Quốc DD;tranquocdd@gmail.com;00031;aaa888
Đinh Phương EE;dinhphuongee@gmail.com;00032;aaa888
Ngô Hoàng FF;ngothoangff@gmail.com;00033;aaa888
Trương Minh GG;truongminhgg@gmail.com;00034;aaa888
Lê Phúc HH;lephuchh@gmail.com;00035;aaa888
Phan Quốc II;phanquocii@gmail.com;00036;aaa888
Đoàn Minh JJ;doanminhjj@gmail.com;00037;aaa888
Võ Tuấn KK;votuan.kk@gmail.com;00038;aaa888
Tống An LL;tonganll@gmail.com;00039;aaa888
Lý Hoàng MM;lyhoangmm@gmail.com;00040;aaa888
Tạ Quốc NN;taquocnn@gmail.com;00041;aaa888
Đặng Tuấn OO;dangtuanoo@gmail.com;00042;aaa888
Lương Minh PP;luongminhpp@gmail.com;00043;aaa888
Hà Bảo QQ;habaoqq@gmail.com;00044;aaa888
Bùi Hoàng RR;buirhoangrr@gmail.com;00045;aaa888
Cao Tuấn SS;caotuanss@gmail.com;00046;aaa888
Trần Hữu TT;tranhuttt@gmail.com;00047;aaa888
Phạm Minh UU;phamminhuu@gmail.com;00048;aaa888
Vũ Bảo VV;vubaovv@gmail.com;00049;aaa888
Nguyễn Tuấn WW;nguyentuanww@gmail.com;00050;aaa888